Date,Open,High,Low,Close,Volume,Dividends,Stock Splits,MA200,RSI
2022-09-27 00:00:00-04:00,49.05142414424411,49.86862149681239,48.63790530741275,49.79970169067383,17297500,0.0,0.0,,
2022-09-28 00:00:00-04:00,49.33694939513225,50.40028619079899,49.32710156270289,50.213218688964844,17784300,0.0,0.0,,
2022-09-29 00:00:00-04:00,49.268030800514964,49.52401811224591,48.460681290485745,49.23849105834961,25582100,0.0,0.0,,
2022-09-30 00:00:00-04:00,49.760321005528766,51.256872436805715,49.04158315634901,49.32710647583008,38917700,0.0,0.0,,
2022-10-03 00:00:00-04:00,50.22306942352547,52.270983161997826,49.858778448145564,50.922119140625,24632400,0.0,0.0,,
2022-10-04 00:00:00-04:00,52.73372891795927,53.96444511395101,51.84761175450611,53.12755584716797,24275500,0.0,0.0,,
2022-10-05 00:00:00-04:00,52.064222560299,54.34843167549104,51.36517285882066,53.88568115234375,20418300,0.0,0.0,,
2022-10-06 00:00:00-04:00,53.56077076937178,54.259816672740236,52.47773825494883,53.777374267578125,17149400,0.0,0.0,,
2022-10-07 00:00:00-04:00,52.84499474250371,53.92044378761071,51.809008851408784,52.203670501708984,21977700,0.115,0.0,,
2022-10-10 00:00:00-04:00,52.36154121446741,52.420741598838404,50.09224583973359,50.6941032409668,17227400,0.0,0.0,,
2022-10-11 00:00:00-04:00,49.96397235925584,54.048704143711866,49.65811316423814,52.99298858642578,32813700,0.0,0.0,,
2022-10-12 00:00:00-04:00,52.88445819161779,53.0521907112517,51.690612150267896,52.045806884765625,18131900,0.0,0.0,,
2022-10-13 00:00:00-04:00,50.66449130177729,55.17348286297927,50.0626377815067,54.12763595581055,27605000,0.0,0.0,,
2022-10-14 00:00:00-04:00,54.50256802976475,54.6998950925111,51.897807894506876,52.01620864868164,20403000,0.0,0.0,,56.649652779367266
2022-10-17 00:00:00-04:00,53.87110328215727,54.255900049352014,52.14446530819361,52.785789489746094,18261700,0.0,0.0,,58.56303633496772
2022-10-18 00:00:00-04:00,54.27563542706646,54.403901029564935,50.97035817910385,51.84847640991211,19774800,0.0,0.0,,54.55257197754221
2022-10-19 00:00:00-04:00,51.394617279527516,52.716728909303384,51.36501897320578,52.32206726074219,14786100,0.0,0.0,,58.83112164086438
2022-10-20 00:00:00-04:00,52.785792959404446,54.36443199099919,52.46019654201609,52.983123779296875,15711800,0.0,0.0,,60.13813375566962
2022-10-21 00:00:00-04:00,52.77592410942256,55.528675476753186,52.62792506478485,55.3017463684082,20199200,0.0,0.0,,61.67612444275939
2022-10-24 00:00:00-04:00,55.47934342586356,56.05160238077504,54.33482927981265,55.48921203613281,15293600,0.0,0.0,,57.05534057191776
2022-10-25 00:00:00-04:00,55.92334900315225,56.268675162528744,54.601237221324915,55.12416076660156,17313000,0.0,0.0,,53.78888667930796
2022-10-26 00:00:00-04:00,55.33135334660986,56.673194658906944,54.22630224645125,54.70976257324219,23511300,0.0,0.0,,52.800019795574045
2022-10-27 00:00:00-04:00,54.63082677053588,55.47934664181976,51.424213253662586,51.51301193237305,27335800,0.0,0.0,,48.11013752577199
2022-10-28 00:00:00-04:00,51.13808812818234,53.71324231369642,50.77302479818175,53.31858444213867,19171100,0.0,0.0,,57.06693948657266
2022-10-31 00:00:00-04:00,53.19031870808602,54.19670248817144,52.46019581375147,53.37778091430664,15932500,0.0,0.0,,51.178245645019736
2022-11-01 00:00:00-04:00,54.35456507272021,54.699891171545325,53.387648232237716,54.12763595581055,11729700,0.0,0.0,,56.452598838780744
2022-11-02 00:00:00-04:00,54.00924539322996,55.518819324333684,52.706863382275166,52.73646545410156,17302700,0.0,0.0,,45.49522095944467
2022-11-03 00:00:00-04:00,52.00633865996315,53.644178078280135,51.21701913856443,52.76605987548828,12769200,0.0,0.0,,52.80649358844947
2022-11-04 00:00:00-04:00,54.522302843591405,56.150277610490775,54.08817799551222,55.4102897644043,18882700,0.0,0.0,,58.61403136672971
2022-11-07 00:00:00-05:00,55.67667368418038,56.061466677925836,54.71962174113102,55.80493927001953,11411300,0.0,0.0,,63.46541386592425
2022-11-08 00:00:00-05:00,56.613998224119364,57.09745478865201,55.72601140224169,56.722530364990234,14190100,0.0,0.0,,64.53717773678466
2022-11-09 00:00:00-05:00,55.46948286496248,55.893742808789966,54.76895826883215,55.22282028198242,19952500,0.0,0.0,,57.01050591397965
2022-11-10 00:00:00-05:00,57.817707943173964,59.57394809330118,57.284919624420986,59.465415954589844,24982500,0.0,0.0,,61.63177145531713
2022-11-11 00:00:00-05:00,59.84034026612151,62.33656424002195,59.08061910802745,61.68537521362305,17579400,0.0,0.0,,65.54456165669623
2022-11-14 00:00:00-05:00,61.113121321213285,61.91230945963435,60.17580649977458,60.955257415771484,13988200,0.0,0.0,,64.36556858005588
2022-11-15 00:00:00-05:00,62.65229483971198,63.57974854221644,61.58671069566998,62.257633209228516,16325000,0.0,0.0,,67.81555792420548
2022-11-16 00:00:00-05:00,59.721941992825045,60.56059701364658,57.34411489894624,58.084102630615234,25901900,0.0,0.0,,64.82636874585782
2022-11-17 00:00:00-05:00,56.535065925541126,58.20250747373284,55.75561122335521,57.95584487915039,14212300,0.0,0.0,,61.31987025864092
2022-11-18 00:00:00-05:00,58.764894307705525,58.86355783401788,57.32438198264808,57.797977447509766,9703700,0.0,0.0,,60.738273443752526
2022-11-21 00:00:00-05:00,57.245446678135536,57.245446678135536,56.06146565182411,56.39692687988281,9968400,0.0,0.0,,55.34385849865927
2022-11-22 00:00:00-05:00,56.78172495332735,57.89664086466182,56.21933457410825,57.837440490722656,8955700,0.0,0.0,,61.984222865910496
2022-11-23 00:00:00-05:00,57.462519330349096,58.27157233441414,56.97905899193341,58.143306732177734,8996800,0.0,0.0,,62.4713985939371
2022-11-25 00:00:00-05:00,57.886776468306145,58.34063850733918,57.610515564021064,57.6302490234375,4360500,0.0,0.0,,55.713550489533176
2022-11-28 00:00:00-05:00,56.554797108708506,56.98892190274412,54.72949548776683,55.00575637817383,15512600,0.0,0.0,,48.15490742083006
2022-11-29 00:00:00-05:00,54.9662905797115,55.765478725214244,54.03884059749427,54.3841667175293,12874200,0.0,0.0,,44.52655467641394
2022-11-30 00:00:00-05:00,52.86472737273099,56.909992287921796,51.907675332207056,56.880393981933594,31461400,0.0,0.0,,53.706974288012816
2022-12-01 00:00:00-05:00,57.05798741896713,57.146782330821324,54.3644288462263,54.74922561645508,21764200,0.0,0.0,,38.35282786048955
2022-12-02 00:00:00-05:00,53.61457765608771,54.68015802697143,52.66739426779725,53.95003890991211,15946500,0.0,0.0,,29.45494778052013
2022-12-05 00:00:00-05:00,53.6441770920795,54.53216388968595,52.98312318123983,53.31858444213867,13806900,0.0,0.0,,29.610134371519194
2022-12-06 00:00:00-05:00,53.14099536694386,53.90071668693768,52.52927312421396,52.96339797973633,17988000,0.0,0.0,,23.86242119338067
2022-12-07 00:00:00-05:00,52.410864553550304,53.51591563470687,51.7399420270525,53.10152053833008,11367300,0.0,0.0,,31.873664624063053
2022-12-08 00:00:00-05:00,53.83164857784132,54.95642946086655,53.32845475305255,54.463104248046875,13609100,0.0,0.0,,38.33993806267442
2022-12-09 00:00:00-05:00,53.95003856139678,55.11428621339739,53.79217466436817,54.13750076293945,9932200,0.0,0.0,,37.915313039803046
2022-12-12 00:00:00-05:00,52.805527243095916,54.64069749836535,52.6279298787942,54.6110954284668,13250600,0.0,0.0,,43.71966619364107
2022-12-13 00:00:00-05:00,56.426532473374344,57.11718847494562,53.92044343099185,54.502567291259766,14210500,0.0,0.0,,37.05975223060251
2022-12-14 00:00:00-05:00,54.50256845187003,55.351084614059225,53.33832070654202,53.861244201660156,11235300,0.0,0.0,,33.80597529543368
2022-12-15 00:00:00-05:00,52.84500029719341,53.002864221152535,51.15782514040003,51.34529113769531,17785000,0.0,0.0,,29.358407811402188
2022-12-16 00:00:00-05:00,51.0492966777299,51.83861629639659,50.93089591210027,51.3748893737793,22951400,0.0,0.0,,35.625019633618564
2022-12-19 00:00:00-05:00,51.47354591191716,51.591946661438804,50.41783035986914,51.02955627441406,16470000,0.0,0.0,,36.42172928474176
2022-12-20 00:00:00-05:00,50.6546260836576,51.27621682075995,49.7765079269896,50.00343704223633,16942000,0.0,0.0,,18.40433896080725
2022-12-21 00:00:00-05:00,50.25010250950528,51.059155493518176,50.072505145817345,50.506629943847656,20400800,0.0,0.0,,27.07889459767486
2022-12-22 00:00:00-05:00,48.839191565097046,49.30291842678895,47.783476008125014,48.77012634277344,40959600,0.0,0.0,,24.588582141532456
2022-12-23 00:00:00-05:00,48.345868793109595,49.87517613483101,48.33600394533418,49.529850006103516,17425700,0.0,0.0,,31.644379324186758
2022-12-27 00:00:00-05:00,48.94772266742054,49.63837863980112,47.87227367488041,49.35224914550781,15159100,0.0,0.0,,32.19842722601227
2022-12-28 00:00:00-05:00,49.17464949855372,50.40796233332506,48.17813438411819,48.46426010131836,12518700,0.0,0.0,,28.713803327120644
2022-12-29 00:00:00-05:00,48.740533381992144,50.25010735513586,48.681333000463326,49.973846435546875,13204300,0.0,0.0,,29.669412350046997
2022-12-30 00:00:00-05:00,48.90088957588554,49.4645597822524,48.58444327660371,49.42500305175781,11989800,0.115,0.0,,29.081391958238413
2023-01-03 00:00:00-05:00,49.998557689352126,50.39411362477362,48.999771124813684,49.810665130615234,12422800,0.0,0.0,,28.523403340262348
2023-01-04 00:00:00-05:00,52.46091676818925,53.91459467200662,52.144470442129894,53.598148345947266,25077300,0.0,0.0,,46.95582526091862
2023-01-05 00:00:00-05:00,53.291583927287974,54.77492734529304,53.291583927287974,54.10247802734375,18030900,0.0,0.0,,50.81952426692766
2023-01-06 00:00:00-05:00,54.814482429927075,56.65382881662102,53.430027105740564,56.13960266113281,21069800,0.0,0.0,,66.835034875634
2023-01-09 00:00:00-05:00,56.18904479475681,56.88127243355336,55.032038813099966,55.734153747558594,15715900,0.0,0.0,,64.91372589246399
2023-01-10 00:00:00-05:00,55.53637881118077,56.64394086813003,55.23971087461154,56.5747184753418,10571300,0.0,0.0,,68.34910317767476
2023-01-11 00:00:00-05:00,56.71316441968257,57.82073027159912,56.28793898538806,57.415283203125,12143000,0.0,0.0,,74.83094132270251
2023-01-12 00:00:00-05:00,57.46472087276487,57.59327835020315,55.803376051063246,56.63404846191406,14888100,0.0,0.0,,70.15245580869228
2023-01-13 00:00:00-05:00,56.100041190706946,56.33737777023225,55.496814332903064,56.297821044921875,12520600,0.0,0.0,,77.26954639473863
2023-01-17 00:00:00-05:00,56.52527467439873,57.949283039037795,55.922047729967,56.21871566772461,10962700,0.0,0.0,,75.48767483615288
2023-01-18 00:00:00-05:00,56.87137996064785,57.4053844492996,55.734152370745484,55.882484436035156,10035300,0.0,0.0,,74.58599703105898
2023-01-19 00:00:00-05:00,55.09137013174669,56.4560470456785,54.66614474387183,55.734153747558594,12034200,0.0,0.0,,78.98511290870603
2023-01-20 00:00:00-05:00,56.83183224489834,57.919615913299815,56.12971349073202,57.81083679199219,13826400,0.0,0.0,,79.89429999941795
2023-01-23 00:00:00-05:00,58.26572709203365,61.22252660351244,58.20639577017603,61.13352584838867,20175400,0.0,0.0,,86.86172728423479
2023-01-24 00:00:00-05:00,60.520411110293544,61.03463727187973,60.194073753535314,60.579742431640625,10183200,0.0,0.0,,83.54894364849778
2023-01-25 00:00:00-05:00,59.99629416043961,60.985189759107186,59.74907026077272,60.85663604736328,10787200,0.0,0.0,,78.94315895662987
2023-01-26 00:00:00-05:00,61.885091396883844,62.34986978576106,60.6094151069567,62.10264587402344,12219500,0.0,0.0,,80.11909214001068
2023-01-27 00:00:00-05:00,61.44997380086407,63.625541167444766,61.27197228580384,63.160762786865234,15895800,0.0,0.0,,78.53693100331331
2023-01-30 00:00:00-05:00,62.06308555598405,62.57731171536024,61.004967576685644,61.02474594116211,16169000,0.0,0.0,,68.85127536242128
2023-01-31 00:00:00-05:00,58.44372618291451,59.66995833915393,57.99872619805445,59.630401611328125,23856300,0.0,0.0,,60.47454646594275
2023-02-01 00:00:00-05:00,59.94684866551032,62.52786671833875,59.71940313607258,61.90486145019531,20902200,0.0,0.0,,64.01230599250401
2023-02-02 00:00:00-05:00,62.854201172578335,63.2102003942059,61.17307801904369,62.468528747558594,15877600,0.0,0.0,,68.46055541688614
2023-02-03 00:00:00-05:00,61.3115215287737,63.08164539440079,61.21263348685564,61.71696853637695,12187100,0.0,0.0,,66.7073118812219
2023-02-06 00:00:00-05:00,60.263299954009554,60.500636571417544,59.07662818398231,59.313961029052734,11484300,0.0,0.0,,58.34667182375911
2023-02-07 00:00:00-05:00,59.42273838020721,61.69719756795009,59.03706968923248,61.440086364746094,12713100,0.0,0.0,,63.66734023411629
2023-02-08 00:00:00-05:00,60.76763089231063,61.63786001237789,59.56117714214944,59.580955505371094,9510500,0.0,0.0,,58.725879176353764
2023-02-09 00:00:00-05:00,60.52041179348375,61.133526012461154,59.02717731710367,59.51173782348633,10094700,0.0,0.0,,54.24481931950144
2023-02-10 00:00:00-05:00,59.8281881896921,60.085299404728346,58.592068598995986,59.155738830566406,11429700,0.0,0.0,,44.2062676659304
2023-02-13 00:00:00-05:00,59.155736088667965,59.61062717159867,58.1866188271618,59.4524040222168,11466200,0.0,0.0,,46.64706433620099
2023-02-14 00:00:00-05:00,58.85906941579453,61.618089178801505,58.37450888849414,61.38075256347656,12496200,0.0,0.0,,51.419395282277776
2023-02-15 00:00:00-05:00,60.64896994930206,61.25219310639114,59.7886280471672,61.15330505371094,10457400,0.0,0.0,,47.27890680422002
2023-02-16 00:00:00-05:00,60.10507203027611,60.668742208010876,59.185398840848386,59.3831787109375,12683400,0.0,0.0,,39.596938092667806
2023-02-17 00:00:00-05:00,59.1755177399065,59.51174242255577,57.86028467261045,58.354732513427734,10874900,0.0,0.0,,42.16938074015467
2023-02-21 00:00:00-05:00,57.69216876396093,59.046954663481294,56.85160902296257,56.960384368896484,12667500,0.0,0.0,,42.16937130454726
2023-02-22 00:00:00-05:00,57.08894266729068,57.91961512410442,56.19893888863568,56.34727096557617,12260300,0.0,0.0,,31.940868634786796
2023-02-23 00:00:00-05:00,58.483286794094724,59.086513730312916,56.80216347324176,58.097618103027344,16094600,0.0,0.0,,36.813860609508865
2023-02-24 00:00:00-05:00,57.05927376680232,57.72183197199495,56.71315806225069,57.53394317626953,9867400,0.0,0.0,,37.235976050235
2023-02-27 00:00:00-05:00,58.512947393587694,58.89861982362653,57.187830989109834,57.25705337524414,8514000,0.0,0.0,,42.78778066750809
2023-02-28 00:00:00-05:00,56.999935065138835,58.087722360386636,56.76260226160844,57.17793655395508,10493300,0.0,0.0,,32.55058283052702
2023-03-01 00:00:00-05:00,57.217503786424615,57.89984043730404,56.584611164332806,56.703277587890625,9141400,0.0,0.0,,36.71235820474882
2023-03-02 00:00:00-05:00,54.88370209641375,56.07037749080363,54.11236478761202,55.803375244140625,16625500,0.0,0.0,,34.096681705257794
2023-03-03 00:00:00-05:00,55.83304406963861,56.238491110380785,54.82437011581574,56.14949035644531,13769200,0.0,0.0,,37.09676046117452
2023-03-06 00:00:00-05:00,56.64393644634953,57.998726079074956,55.9121558447594,56.198936462402344,14472200,0.0,0.0,,35.73288510622922
2023-03-07 00:00:00-05:00,55.872603292572514,56.10004883559629,54.695818846752736,54.94304275512695,13278300,0.0,0.0,,20.000028442613996
2023-03-08 00:00:00-05:00,55.21992689046653,56.28793210791175,54.73536641791631,56.25826644897461,11515700,0.0,0.0,,29.288680643094295
2023-03-09 00:00:00-05:00,56.011045859851656,56.920831768259994,54.92326221501243,54.98259353637695,10200000,0.0,0.0,,30.56767749797268
2023-03-10 00:00:00-05:00,55.04193120677899,55.88249099238264,53.924478076608395,54.320037841796875,14180700,0.0,0.0,,31.588437284253985
2023-03-13 00:00:00-04:00,53.37069791664258,53.94425541568131,52.17413134726687,53.301475524902344,17365200,0.0,0.0,,32.7102871124753
2023-03-14 00:00:00-04:00,54.35958985598101,54.80458983778337,53.103692048670425,53.667362213134766,14657000,0.0,0.0,,37.033468660921336
2023-03-15 00:00:00-04:00,52.737803504255766,53.66736399867866,52.292799735310716,53.5289192199707,14643600,0.0,0.0,,23.809465494475887
2023-03-16 00:00:00-04:00,53.09379813575099,56.08026300398838,53.01468845721901,55.94181823730469,14791800,0.0,0.0,,42.46956366100677
2023-03-17 00:00:00-04:00,56.169267529906456,57.07905341443772,55.59571006185743,56.03082275390625,26655200,0.0,0.0,,44.0952246944368
2023-03-20 00:00:00-04:00,56.07037850480198,57.227384488928315,55.45726431934197,56.99993896484375,10610200,0.0,0.0,,49.21054029626607
2023-03-21 00:00:00-04:00,57.73172659871344,58.85906698723271,56.960385459986554,57.97895050048828,14613700,0.0,0.0,,55.41561321240553
2023-03-22 00:00:00-04:00,57.751500959781055,59.73917933242192,57.44494198479171,57.524051666259766,16949300,0.0,0.0,,57.59162409405929
2023-03-23 00:00:00-04:00,58.52284112188346,61.09396813833298,58.47339709701661,60.65885543823242,23903100,0.0,0.0,,65.96640323946573
2023-03-24 00:00:00-04:00,59.83807416719704,60.718194465130175,59.82818687051803,60.480857849121094,18735600,0.0,0.0,,65.02431774327916
2023-03-27 00:00:00-04:00,60.510519675110515,60.73796520768294,58.512950134556746,59.126068115234375,15901000,0.0,0.0,,64.57615362508636
2023-03-28 00:00:00-04:00,59.13596082468332,59.20518322039699,57.177947833773224,58.621734619140625,20496300,0.0,0.0,,58.72903117276654
2023-03-29 00:00:00-04:00,60.23363041423283,63.70465228557488,60.194073685154834,62.83442687988281,51939800,0.0,0.0,,73.82954746214303
2023-03-30 00:00:00-04:00,63.31898000203679,63.38820238781257,61.78619267475759,62.38941955566406,23038300,0.0,0.0,,74.81749461259488
2023-03-31 00:00:00-04:00,59.679851133368714,60.975305796487575,59.23485110750989,59.66996383666992,35416500,0.0,0.0,,67.7312836857121
2023-04-03 00:00:00-04:00,59.14584658385282,59.14584658385282,57.22738672534906,58.94806671142578,23610800,0.0,0.0,,64.4168492502703
2023-04-04 00:00:00-04:00,59.017286580660056,59.43262089991689,56.31760218847919,56.63404846191406,21303200,0.0,0.0,,57.57720973520245
2023-04-05 00:00:00-04:00,56.18904569408215,56.475826313255155,55.388038928496684,56.38682556152344,19456200,0.0,0.0,,51.21425799693229
2023-04-06 00:00:00-04:00,56.43141998880162,58.611387773980496,56.28278436119085,58.02676010131836,21496500,0.115,0.0,,55.02118073555913
2023-04-10 00:00:00-04:00,60.62289802286958,63.18931375262349,60.444536792233336,62.69386672973633,43280100,0.0,0.0,,62.07713649747192
2023-04-11 00:00:00-04:00,63.06050074376203,63.704583429168224,62.465965787972515,62.99113845825195,23090200,0.0,0.0,,60.947738912364265
2023-04-12 00:00:00-04:00,63.773941126791584,63.773941126791584,61.27688768818332,61.39579391479492,16694100,0.0,0.0,,58.05543086047647
2023-04-13 00:00:00-04:00,60.94989291614449,62.79295650122679,60.23645175221267,62.426326751708984,23286500,0.0,0.0,,54.03024256331123
2023-04-14 00:00:00-04:00,62.60468717593427,62.64432384562791,61.207526698900864,62.059696197509766,14953000,0.0,0.0,,53.56940989254418
2023-04-17 00:00:00-04:00,61.65342281365593,62.19841373047383,61.415606602338066,61.97050857543945,11546800,0.0,0.0,,56.82099223380582
2023-04-18 00:00:00-04:00,62.75332689865516,62.87223313554653,60.92017049510441,61.36607360839844,12175200,0.0,0.0,,56.549504653038625
2023-04-19 00:00:00-04:00,60.42472181695269,60.65262700655556,59.830186868420064,60.09772872924805,11652600,0.0,0.0,,42.40075826219152
2023-04-20 00:00:00-04:00,59.334734280951686,61.385884575927996,59.32482322408979,60.90034484863281,14382200,0.0,0.0,,45.94566860240481
2023-04-21 00:00:00-04:00,60.59317496376366,60.89044243402713,60.17699748142603,60.57335662841797,9606200,0.0,0.0,,52.82813462464899
2023-04-24 00:00:00-04:00,59.55272912480479,60.32562903122958,58.809558609370654,58.968101501464844,13402600,0.0,0.0,,50.05943317140472
2023-04-25 00:00:00-04:00,58.59155947443525,58.79964629373503,57.50157387722427,57.610572814941406,15987300,0.0,0.0,,53.071140469374974
2023-04-26 00:00:00-04:00,59.03746939554995,60.62289836577223,58.79965316003619,60.46435546875,25385000,0.0,0.0,,61.01739777908062
2023-04-27 00:00:00-04:00,60.1968197011422,61.395800717217064,59.58246638562668,61.33634948730469,13524600,0.0,0.0,,59.32961018811511
2023-04-28 00:00:00-04:00,61.861515239817095,63.85321437764615,61.73269795618597,63.77394104003906,18088800,0.0,0.0,,53.48242484562257
2023-05-01 00:00:00-04:00,63.30821954857974,63.51630638958463,61.742608932498214,61.78224182128906,12823400,0.0,0.0,,46.486160079993205
2023-05-02 00:00:00-04:00,61.663342591706375,62.0101578126938,60.69226677687177,61.33634948730469,12237600,0.0,0.0,,49.814843463533435
2023-05-03 00:00:00-04:00,60.930082354270034,61.61379795033635,60.2661813146452,60.35536193847656,10818100,0.0,0.0,,43.52942129970087
2023-05-04 00:00:00-04:00,59.99864012173993,60.40490657268633,59.35456119119435,59.95900344848633,13357900,0.0,0.0,,43.44870857172225
2023-05-05 00:00:00-04:00,60.058086349444984,61.1777976353782,59.56263934610683,60.67243957519531,12305900,0.0,0.0,,46.1035119817685
2023-05-08 00:00:00-04:00,60.69226423939027,60.79135213840894,59.76082513674724,60.31572341918945,11510400,0.0,0.0,,46.799506505878895
2023-05-09 00:00:00-04:00,59.33473746737968,60.830985837222556,59.00774061266836,60.37517547607422,11895200,0.0,0.0,,50.912635861415765
2023-05-10 00:00:00-04:00,61.356159111025256,61.742610974191585,59.24555745967857,59.4437370300293,14548700,0.0,0.0,,45.24888656957917
2023-05-11 00:00:00-04:00,60.03827586966302,61.247167925537546,59.52301046519127,61.048988342285156,15536600,0.0,0.0,,51.43198869146526
2023-05-12 00:00:00-04:00,61.42552890608344,61.62370470851524,59.60228355199845,60.36526870727539,12123400,0.0,0.0,,54.45359149464573
2023-05-15 00:00:00-04:00,61.66333706189895,64.27930056232569,61.2372523125848,64.0513916015625,22227200,0.0,0.0,,67.87681968703056
2023-05-16 00:00:00-04:00,63.96221387419363,64.62611107251035,62.72359253322923,63.14967727661133,15259000,0.0,0.0,,58.35904390172076
2023-05-17 00:00:00-04:00,63.991934213618855,64.72519363253988,62.86231191588883,64.3288345336914,15947700,0.0,0.0,,59.1404081305451
2023-05-18 00:00:00-04:00,65.37919397372373,67.96542053768638,64.48738779998395,66.9547119140625,30688000,0.0,0.0,,59.605039379947264
2023-05-19 00:00:00-04:00,66.95471280460558,67.76724564928199,65.82509415615111,67.54924774169922,16807800,0.0,0.0,,69.01964030681312
2023-05-22 00:00:00-04:00,65.15128251693747,66.14217654761333,64.1702995433464,65.62691497802734,37491000,0.0,0.0,,62.89457127160701
2023-05-23 00:00:00-04:00,65.25037360664341,66.94480157497067,65.11164904034212,65.40892028808594,15896200,0.0,0.0,,65.91761424669491
2023-05-24 00:00:00-04:00,64.35857958059799,66.12237772517729,64.2892172843449,65.9241943359375,15806600,0.0,0.0,,68.64935390193143
2023-05-25 00:00:00-04:00,69.11486746050656,69.24368097936267,66.89526666529153,68.97614288330078,29021500,0.0,0.0,,72.64868477840608
2023-05-26 00:00:00-04:00,69.24367384370018,73.91078393568574,69.16440806483851,73.25679779052734,33410000,0.0,0.0,,79.07391304869493
2023-05-30 00:00:00-04:00,73.71259615835949,74.08913311644935,70.92818673582869,71.03718566894531,24454700,0.0,0.0,,71.83439128606096
2023-05-31 00:00:00-04:00,68.27260994839484,69.21395638762742,67.30153033367358,67.5789794921875,30403600,0.0,0.0,,65.09747070172986
2023-06-01 00:00:00-04:00,68.31224077035112,69.15449923223532,67.4798858061922,68.46086883544922,18153000,0.0,0.0,,64.13453832907231
2023-06-02 00:00:00-04:00,69.35266332703857,69.90756906284872,67.66814668741935,68.54013061523438,13457700,0.0,0.0,,65.95743761941135
2023-06-05 00:00:00-04:00,68.86714326837334,68.86714326837334,66.89526603113632,67.15289306640625,12441100,0.0,0.0,,56.65110183620279
2023-06-06 00:00:00-04:00,66.41962968993435,68.21314557492366,66.2115428380783,66.92498779296875,12476600,0.0,0.0,,58.3370047856644
2023-06-07 00:00:00-04:00,67.78706138212041,68.04468837598745,66.33044600943646,66.44934844970703,14610800,0.0,0.0,,54.832888542051386
2023-06-08 00:00:00-04:00,65.89445984715749,65.91427440345248,63.42713557266622,64.72520446777344,25856800,0.0,0.0,,44.70089369582137
2023-06-09 00:00:00-04:00,65.32964502307858,65.79536643619586,63.88294061717658,64.83419799804688,14649300,0.0,0.0,,43.39439122714599
2023-06-12 00:00:00-04:00,65.24046015700559,66.92498456592035,65.1909199908126,66.83580017089844,14731100,0.0,0.0,,52.9298688677002
2023-06-13 00:00:00-04:00,67.93569541409728,68.25278121593972,66.98443800856997,67.25198364257812,11911900,0.0,0.0,,54.42436740853614
2023-06-14 00:00:00-04:00,66.9249861467632,68.57977742314428,66.90516403188052,68.4906005859375,11085800,0.0,0.0,,55.954015257447296
2023-06-15 00:00:00-04:00,67.96542750131768,68.8869593819472,67.73752607574151,68.1933364868164,11842600,0.0,0.0,,47.91775915784962
2023-06-16 00:00:00-04:00,69.51122376888686,69.85803519759973,65.45846290215027,67.04389953613281,32252600,0.0,0.0,,30.170748324829432
2023-06-20 00:00:00-04:00,66.70698329394912,67.00425451576228,65.17109458111646,66.29080963134766,13261600,0.0,0.0,,33.286785127284006
2023-06-21 00:00:00-04:00,66.14217483301715,66.58807411129368,64.7450106572204,65.2008285522461,10427200,0.0,0.0,,39.949701595039805
2023-06-22 00:00:00-04:00,64.93327606852114,66.05299101406182,64.91346151688276,65.64672088623047,8639500,0.0,0.0,,37.65209915921152
2023-06-23 00:00:00-04:00,64.85401230728125,65.35937038767943,64.249566334236,64.68556213378906,12646700,0.0,0.0,,34.3018537276518
2023-06-26 00:00:00-04:00,65.03237276425575,66.09262907879986,64.8143824269945,64.85401153564453,13815900,0.0,0.0,,39.6056824665509
2023-06-27 00:00:00-04:00,64.67565287523318,66.23135626881471,63.20913387945944,66.18181610107422,18305200,0.0,0.0,,46.94375714966111
2023-06-28 00:00:00-04:00,65.05219886179641,67.11326039419153,64.79456428026651,66.45926666259766,27100100,0.0,0.0,,50.04146386583568
2023-06-29 00:00:00-04:00,67.2222456158293,67.33124456108446,62.97131321060267,63.74421310424805,51141900,0.0,0.0,,46.212674384046515
2023-06-30 00:00:00-04:00,63.91266622130636,64.50720113928767,62.327237253382314,62.53532409667969,31530900,0.0,0.0,,41.8194622724084
2023-07-03 00:00:00-04:00,62.862323937724454,63.734311853974404,62.68396268712876,63.318138122558594,12921300,0.0,0.0,,36.293489550973376
2023-07-05 00:00:00-04:00,62.92177052475813,63.169494030761115,61.45524782281575,61.4948844909668,16553000,0.0,0.0,,29.78426660101283
2023-07-06 00:00:00-04:00,60.43462713037096,61.227341579719884,59.949087403916884,60.67243957519531,15607300,0.0,0.0,,21.720427021436066
2023-07-07 00:00:00-04:00,60.985165987874815,61.04473287199453,60.190959801647594,60.2108154296875,15011100,0.115,0.0,,21.46519838830467
2023-07-10 00:00:00-04:00,60.389507942100096,62.37502515808907,60.141318290101474,62.027557373046875,16953100,0.0,0.0,,32.88480821151866
2023-07-11 00:00:00-04:00,62.14668764575602,63.208939058474265,61.858790526223146,63.13944625854492,13464500,0.0,0.0,,39.50486382929528
2023-07-12 00:00:00-04:00,64.00314774084787,64.2314779758521,62.672851073949396,63.32807159423828,13953600,0.0,0.0,,43.364707790452506
2023-07-13 00:00:00-04:00,63.715249614984366,64.18184738616002,63.0898106133982,64.06271362304688,11384700,0.0,0.0,,44.500295886671964
2023-07-14 00:00:00-04:00,63.83438253535319,65.06540110801438,63.21886946194899,63.61597442626953,13851400,0.0,0.0,58.51544523239136,46.14879999736281
2023-07-17 00:00:00-04:00,63.33799999475267,65.194457577108,62.881331932709955,64.68815612792969,11333600,0.0,0.0,58.58988750457764,49.439304643875005
2023-07-18 00:00:00-04:00,63.903877320551786,64.64844631146983,63.288364228033124,64.4697494506836,10402300,0.0,0.0,58.66117015838623,43.742792070329315
2023-07-19 00:00:00-04:00,65.15474761440406,65.28381108663888,64.33076368946537,64.4896011352539,9463900,0.0,0.0,58.73742570877075,42.66318062976015
2023-07-20 00:00:00-04:00,63.93365670819549,65.07533063719218,63.784741400213804,64.2215576171875,12745100,0.0,0.0,58.81189796447754,52.17446307011602
2023-07-21 00:00:00-04:00,64.81720501884593,65.68090766245786,63.87407987542328,65.17459869384766,24536900,0.0,0.0,58.88316036224365,62.309706354781156
2023-07-24 00:00:00-04:00,64.8867103434879,66.15744028927527,64.74772472905165,65.00584411621094,10272700,0.0,0.0,58.94255180358887,58.349822027788576
2023-07-25 00:00:00-04:00,64.92641265950688,65.52206629279381,64.60873021681073,65.20438385009766,8610900,0.0,0.0,58.999145317077634,71.86811437176084
2023-07-26 00:00:00-04:00,64.52931910311924,67.38846159207178,64.52931910311924,66.89208221435547,14920600,0.0,0.0,59.064718856811524,83.2715833225179
2023-07-27 00:00:00-04:00,69.96963490275263,71.81615907415711,69.45339614907806,70.55535888671875,25068300,0.0,0.0,59.156477298736576,91.21847237388342
2023-07-28 00:00:00-04:00,71.06166321496468,71.60767590669383,70.14832711035993,70.68441009521484,11932900,0.0,0.0,59.25642883300781,89.8538782569357
2023-07-31 00:00:00-04:00,70.6049977433807,71.25028480499707,70.35680808148288,70.87303924560547,11193800,0.0,0.0,59.34582908630371,88.91123436738859
2023-08-01 00:00:00-04:00,70.4858566706794,70.56527917204718,69.3838940801779,70.24759674072266,13141100,0.0,0.0,59.4368380355835,83.34936533851064
2023-08-02 00:00:00-04:00,69.2449217016158,69.34419606019351,66.85236951690797,67.67636108398438,14004400,0.0,0.0,59.504581661224364,64.79682050551513
2023-08-03 00:00:00-04:00,67.0807045304507,68.8875250473282,66.67367740519666,68.67904663085938,11075200,0.0,0.0,59.58789585113525,69.82899828191529
2023-08-04 00:00:00-04:00,68.99672053914531,70.41636559565043,68.62939714195629,69.40375518798828,11250200,0.0,0.0,59.67098567962646,68.98486390786267
2023-08-07 00:00:00-04:00,69.34419178223358,69.72144492536283,68.33158126857356,68.87759399414062,10537500,0.0,0.0,59.75613126754761,67.3167406899421
2023-08-08 00:00:00-04:00,68.2025177944148,68.26208846520554,66.4751198244354,67.16012573242188,14767800,0.0,0.0,59.830321559906004,59.25675379056942
2023-08-09 00:00:00-04:00,67.28918409229756,67.47781067075769,66.13758792827511,66.21700286865234,10043200,0.0,0.0,59.89649095535278,56.607515399186425
2023-08-10 00:00:00-04:00,66.57438957977239,66.97149453631668,64.45981647933361,64.96612548828125,12775300,0.0,0.0,59.94481285095215,49.323035713489396
2023-08-11 00:00:00-04:00,64.43003428673399,64.83706137185213,63.60604283564624,63.903873443603516,11820800,0.0,0.0,59.9868861579895,46.61788538310651
2023-08-14 00:00:00-04:00,63.90387815637732,67.9841168859071,63.73510342654303,67.78556060791016,21954000,0.0,0.0,60.05019315719605,56.461245703420566
2023-08-15 00:00:00-04:00,67.10054721999249,67.14025847116297,64.84698862863165,64.85691833496094,13808500,0.0,0.0,60.100928936004635,45.20353332441479
2023-08-16 00:00:00-04:00,64.52930960990058,64.75764742268342,63.625895639771365,63.75495910644531,9895400,0.0,0.0,60.162138671875,31.77219942519592
2023-08-17 00:00:00-04:00,64.02300497513959,64.24141309599837,62.94090165252713,63.0997428894043,9933300,0.0,0.0,60.211044464111325,30.227757065759477
2023-08-18 00:00:00-04:00,61.858790602192904,63.39756569649079,61.302844415001864,63.129520416259766,9573600,0.0,0.0,60.25980316162109,29.645069703946987
2023-08-21 00:00:00-04:00,63.2188664265332,63.72517542108545,62.404804697129016,63.4968376159668,11311900,0.0,0.0,60.306649169921876,32.01055495658656
2023-08-22 00:00:00-04:00,63.83438696988584,64.60873753832355,62.831698569503494,62.950828552246094,8877800,0.0,0.0,60.3577209854126,35.88372226587926
2023-08-23 00:00:00-04:00,63.10966948318167,65.14482782291788,62.712564493215126,64.71794128417969,10747400,0.0,0.0,60.417480392456056,38.68405096111135
2023-08-24 00:00:00-04:00,65.66105343405674,65.76032777958413,62.91111164772451,63.22879409790039,12661600,0.0,0.0,60.456572914123534,33.097811661601426
2023-08-25 00:00:00-04:00,63.00046369631587,63.92372955369161,62.17647597724995,63.258583068847656,9409000,0.0,0.0,60.49384113311768,34.18995113770872
2023-08-28 00:00:00-04:00,65.24409366550302,65.63126889732112,64.19177201739707,64.8370590209961,9904900,0.0,0.0,60.534413776397706,43.412126711556695
2023-08-29 00:00:00-04:00,64.4300344637906,66.54460754882784,64.40025291774243,66.1971435546875,9955000,0.0,0.0,60.589285392761234,49.94498301300328
2023-08-30 00:00:00-04:00,66.70345475014915,68.20251482753999,66.03830071192935,67.59693145751953,16892200,0.0,0.0,60.62994297027588,57.22857798101672
2023-08-31 00:00:00-04:00,67.47779723541527,70.02918630688708,67.47779723541527,69.43353271484375,18420900,0.0,0.0,60.668683757781984,64.57351296213595
2023-09-01 00:00:00-04:00,69.701590294071,70.10862501345667,69.04637346359284,69.88028717041016,10769200,0.0,0.0,60.71330890655518,56.74123205247633
2023-09-05 00:00:00-04:00,69.40376030208482,70.64470860466123,69.02650717064728,69.781005859375,11144300,0.0,0.0,60.75092576980591,69.37501388411076
2023-09-06 00:00:00-04:00,69.62216007597429,70.14832851276839,69.1357104674712,69.90013885498047,9192800,0.0,0.0,60.81000595092773,76.20660327756202
2023-09-07 00:00:00-04:00,68.94707983263841,69.78100097212102,68.59961584708182,69.36404418945312,12043200,0.0,0.0,60.867046947479245,76.9888146279908
2023-09-08 00:00:00-04:00,69.26476404531071,70.09868520613269,69.10592660819754,69.67179870605469,9805000,0.0,0.0,60.92641605377197,77.52709583207469
2023-09-11 00:00:00-04:00,70.31709814622957,70.3468796943526,68.80810073205102,69.52288818359375,9310400,0.0,0.0,60.992045860290524,75.82976251948645
2023-09-12 00:00:00-04:00,69.4534011262441,71.17087709352903,69.28463395681875,69.80086517333984,11062100,0.0,0.0,61.051862983703614,80.05218182974465
2023-09-13 00:00:00-04:00,70.53550849347947,71.33964061480066,69.85050256841458,70.33695220947266,14525500,0.0,0.0,61.11283121109009,77.63662303315218
2023-09-14 00:00:00-04:00,71.15100784153454,71.70695781418459,70.76383258912755,71.2701416015625,11170300,0.0,0.0,61.181030673980715,91.8387826529474
2023-09-15 00:00:00-04:00,70.77376332945529,71.11129762657593,69.13571008235034,69.37397003173828,16411400,0.0,0.0,61.25287174224854,76.64354064759058
2023-09-18 00:00:00-04:00,70.13840201064278,70.53550699607845,69.4037627107827,69.98948669433594,12735700,0.0,0.0,61.33089834213257,74.50422893966277
2023-09-19 00:00:00-04:00,70.1086152612348,70.54542389607676,69.46332065454116,70.19795989990234,10399000,0.0,0.0,61.39748617172241,71.36792710386851
2023-09-20 00:00:00-04:00,70.43622281465213,71.78637517743047,69.14564112097841,69.17542266845703,15522100,0.0,0.0,61.46961715698242,58.78454230333539
2023-09-21 00:00:00-04:00,68.50034287329733,68.78824377398129,67.33881713802366,67.40830993652344,14967500,0.0,0.0,61.53690851211548,38.64147894833232
2023-09-22 00:00:00-04:00,68.09330942136324,69.24491304450403,67.29910707788586,68.38121032714844,15487200,0.0,0.0,61.61222164154053,42.060932435479195
2023-09-25 00:00:00-04:00,67.79548077087874,68.68896496070853,67.12040466902363,68.08338165283203,14900000,0.0,0.0,61.687821559906006,41.19460891354365
2023-09-26 00:00:00-04:00,67.4778024808539,68.54998357436654,67.10054936972152,67.4480209350586,12752500,0.0,0.0,61.759554061889645,37.92763582930926
2023-09-27 00:00:00-04:00,67.62671981305837,68.35142936297822,66.26663777913814,67.716064453125,20852300,0.0,0.0,61.82581886291504,41.66665380680266
2023-09-28 00:00:00-04:00,65.49229560142669,66.6041805480648,63.36779249364526,64.72786712646484,46749800,0.0,0.0,61.878770694732665,30.331750389867864
2023-09-29 00:00:00-04:00,65.87946367060007,68.2323043638884,65.87946367060007,67.53736877441406,24307500,0.0,0.0,61.9434020614624,43.48107943461241
2023-10-02 00:00:00-04:00,67.74584381194414,68.77831365064854,66.57438837708213,67.4678726196289,14880500,0.0,0.0,62.008228588104245,42.233928429932405
2023-10-03 00:00:00-04:00,66.6835895078433,69.14563402682455,66.62402641899706,67.33881378173828,12481500,0.0,0.0,62.07561643600464,39.74180930831374
2023-10-04 00:00:00-04:00,67.81533181566476,68.0039583574634,66.63395433184516,67.61678314208984,12912800,0.0,0.0,62.156973896026614,36.91318784930515
2023-10-05 00:00:00-04:00,68.11317156336386,69.0364374105713,67.84512248641634,68.54998779296875,14045000,0.0,0.0,62.24284938812256,46.82966722968907
2023-10-06 00:00:00-04:00,68.32624112307926,69.93719585685727,67.62020751386318,69.56925964355469,15105100,0.115,0.0,62.33554790496826,48.431866477473314
2023-10-09 00:00:00-04:00,69.22121302287022,69.55931040436374,68.19696701956816,69.0919418334961,8588700,0.0,0.0,62.43099042892456,45.95392823531119
2023-10-10 00:00:00-04:00,69.10187936702386,69.71841924784997,68.50523202994384,68.6842269897461,9007600,0.0,0.0,62.52187841415405,48.11845366127373
2023-10-11 00:00:00-04:00,69.33060232781384,69.87752592566747,68.54501371114624,69.81786346435547,11165300,0.0,0.0,62.62711709976196,59.700684768673256
2023-10-12 00:00:00-04:00,69.99686038012926,70.32501910003002,68.91295183999931,69.36043548583984,11408700,0.0,0.0,62.726270027160645,54.11299858679664
2023-10-13 00:00:00-04:00,69.47975789613007,69.66869153032461,68.70410805638592,68.82344055175781,10287900,0.0,0.0,62.82362598419189,53.047216286669105
2023-10-16 00:00:00-04:00,68.62456698817722,69.63886673883725,67.75942338703868,68.69417572021484,11294100,0.0,0.0,62.92477556228638,55.35423241884536
2023-10-17 00:00:00-04:00,67.68981039134762,69.24109494292087,67.24232679740373,68.61461639404297,11843000,0.0,0.0,63.01797941207886,53.92428193387547
2023-10-18 00:00:00-04:00,67.63015911503841,69.16155896334007,67.60032788208181,68.75384521484375,11201000,0.0,0.0,63.114623622894285,73.40780873920862
2023-10-19 00:00:00-04:00,69.29082542595062,69.39026539126117,66.80478835927153,67.15283203125,18111000,0.0,0.0,63.20133445739746,47.39867089744357
2023-10-20 00:00:00-04:00,67.18266374706762,68.13730107714868,66.76501133767898,66.84456634521484,11501700,0.0,0.0,63.2675665473938,45.915385922985394
2023-10-23 00:00:00-04:00,66.44679201169299,67.77931169615412,65.86009096214904,66.50645446777344,9762000,0.0,0.0,63.32958642959595,44.69089638539677
2023-10-24 00:00:00-04:00,66.91416941568582,67.96824662256527,66.75505941408309,67.68981170654297,8450700,0.0,0.0,63.387337474823,50.41757478567227
2023-10-25 00:00:00-04:00,68.10746919147188,68.81350280630535,65.53193843821099,66.12858581542969,11924300,0.0,0.0,63.43930963516235,37.082260850594814
2023-10-26 00:00:00-04:00,66.07886078727189,67.06333690714858,63.52321883413463,64.16958618164062,16697900,0.0,0.0,63.47728397369385,23.81879656414847
2023-10-27 00:00:00-04:00,64.5573991414406,65.89985744076725,64.5176216438658,65.2833251953125,9980300,0.0,0.0,63.516624183654784,32.60673692220533
2023-10-30 00:00:00-04:00,65.98936232327114,67.17271828392923,64.80600636261305,65.70098114013672,10667700,0.0,0.0,63.5619588470459,36.388415079889995
2023-10-31 00:00:00-04:00,65.71092484746211,66.695393270929,64.89550510126874,66.49651336669922,8268400,0.0,0.0,63.61295230865478,34.36331296505689
2023-11-01 00:00:00-04:00,66.62578568195738,69.27093245665769,66.62578568195738,69.01238250732422,16777500,0.0,0.0,63.676920642852785,48.62742337099043
2023-11-02 00:00:00-04:00,69.9272525687075,70.63328620805527,69.36043640265179,70.04658508300781,11926000,0.0,0.0,63.74774114608765,54.641553484407716
2023-11-03 00:00:00-04:00,70.90177946003185,72.7812228565093,70.7526157201816,72.17462921142578,14455400,0.0,0.0,63.82994352340698,61.46786915181157
2023-11-06 00:00:00-05:00,72.17462084388434,72.58232692630592,71.61774345212366,72.5127182006836,10073900,0.0,0.0,63.90345293045044,62.62883871395111
2023-11-07 00:00:00-05:00,72.07518965993829,72.72155322501989,71.3094859981534,72.39340209960938,8248400,0.0,0.0,63.959752311706545,61.80645340123192
2023-11-08 00:00:00-05:00,72.214401957578,72.37350437263032,71.3194271642135,71.87629699707031,9917600,0.0,0.0,64.01623508453369,66.4815956571139
2023-11-09 00:00:00-05:00,73.13921080655345,75.67496396785148,73.08948703236256,73.15909576416016,22435900,0.0,0.0,64.07774738311768,70.63026064692123
2023-11-10 00:00:00-05:00,74.0242348141044,75.38657813654973,73.15909126910525,74.93909454345703,12306000,0.0,0.0,64.14192962646484,75.17817253725985
2023-11-13 00:00:00-05:00,73.73585663190762,74.7799875871918,72.98009928323819,74.36233520507812,9116000,0.0,0.0,64.19793748855591,70.67161762585592
2023-11-14 00:00:00-05:00,75.57552725079007,77.01742572283534,75.4860335575437,76.7389907836914,12972700,0.0,0.0,64.27650871276856,81.29033274160271
2023-11-15 00:00:00-05:00,77.06714213401901,77.06714213401901,75.88378616896502,76.70915222167969,9954000,0.0,0.0,64.36190246582031,91.72732701138803
2023-11-16 00:00:00-05:00,76.46055561842253,77.04726431284047,76.05284948353412,76.24178314208984,12989000,0.0,0.0,64.43358707427979,88.10515117670312
2023-11-17 00:00:00-05:00,76.17217841989262,77.50469830648103,76.04290721651532,77.12681579589844,9376900,0.0,0.0,64.50687850952148,88.47960533922584
2023-11-20 00:00:00-05:00,76.90803564962772,78.46927414172261,76.69920945568207,78.18089294433594,11424100,0.0,0.0,64.58919813156128,88.67679228310242
2023-11-21 00:00:00-05:00,77.41518739295887,77.4947423944267,75.88378775522467,76.28155517578125,12016700,0.0,0.0,64.67403610229492,75.0857927609182
2023-11-22 00:00:00-05:00,76.76882015144278,78.01183866158132,76.42077648596057,76.66938018798828,8579500,0.0,0.0,64.75018257141113,73.92239894484523
2023-11-24 00:00:00-05:00,76.25172496441881,76.57988365976558,75.9434588130957,76.44066619873047,4349600,0.0,0.0,64.83448112487793,67.8601133780764
2023-11-27 00:00:00-05:00,76.44067015215323,77.85273737955862,76.2318439498003,77.07709503173828,11005600,0.0,0.0,64.92230791091919,68.6434160223274
2023-11-28 00:00:00-05:00,74.66065494388289,75.81417201131288,73.5767390128196,75.6948471069336,19225700,0.0,0.0,65.00500345230103,62.22378152575592
2023-11-29 00:00:00-05:00,77.01742275452978,78.57865367751567,75.95339922850476,76.26167297363281,14062900,0.0,0.0,65.08904979705811,66.17753180624338
2023-11-30 00:00:00-05:00,76.39093433841877,76.5699292817695,74.55126872368068,75.6948471069336,21701600,0.0,0.0,65.1606202697754,59.876008353271594
2023-12-01 00:00:00-05:00,75.5854754195597,76.11251407998681,74.6706079849866,75.50592041015625,14353100,0.0,0.0,65.23238334655761,52.519928446853065
2023-12-04 00:00:00-05:00,74.99876228505362,75.17775725226211,72.92043899776093,73.87507629394531,11659300,0.0,0.0,65.30484283447265,48.01942554471535
2023-12-05 00:00:00-05:00,73.05965465985764,73.55686204685895,72.63205600356521,73.27842712402344,8800500,0.0,0.0,65.37946130752563,33.553927807158956
2023-12-06 00:00:00-05:00,74.87944367790695,74.97888364878823,72.52267767542494,72.7215576171875,8883900,0.0,0.0,65.45826717376708,31.95327606209601
2023-12-07 00:00:00-05:00,73.6065760609178,73.79551729017194,72.58233008781197,73.2386474609375,10641300,0.0,0.0,65.5427240562439,36.46955136027368
2023-12-08 00:00:00-05:00,73.06960633384156,74.92915724315985,73.01988255675236,74.54133605957031,12000900,0.0,0.0,65.62494264602661,38.773768667099525
2023-12-11 00:00:00-05:00,76.75888998085364,78.07151736970084,76.54011748491516,77.35553741455078,18547600,0.0,0.0,65.72405061721801,46.891427395759756
2023-12-12 00:00:00-05:00,76.987592546071,77.82290492917531,76.66938011126528,77.72346496582031,10262100,0.0,0.0,65.8263826751709,56.13888748133914
2023-12-13 00:00:00-05:00,77.86267688933565,79.82166754700816,77.59418066192848,79.34435272216797,11629900,0.0,0.0,65.93721475601197,60.30648971332289
2023-12-14 00:00:00-05:00,80.35865221361934,81.93977558554741,80.33876725712682,81.73094940185547,17342800,0.0,0.0,66.06235311508179,67.47697320665236
2023-12-15 00:00:00-05:00,82.42702879410551,82.52646874061823,80.65697195112165,80.9552993774414,19545800,0.0,0.0,66.18811273574829,62.695252404566574
2023-12-18 00:00:00-05:00,81.13430052966622,81.4027967763803,80.35865819343957,81.1044692993164,12416600,0.0,0.0,66.31288763046264,69.26345439746316
2023-12-19 00:00:00-05:00,81.2138597698632,81.81050716831913,80.71665234001937,81.71106719970703,14316400,0.0,0.0,66.44044828414917,69.35027077694969
2023-12-20 00:00:00-05:00,81.00502131750501,81.16413131266482,78.19082586906852,78.25049591064453,29085000,0.0,0.0,66.55698554992676,57.52783041425607
2023-12-21 00:00:00-05:00,84.52525630275164,85.53955604020028,82.64581297543307,85.00257873535156,53969700,0.0,0.0,66.70070711135864,70.17318444808194
2023-12-22 00:00:00-05:00,85.66883012519612,87.00134221580419,85.14179153452929,86.00692749023438,22519000,0.0,0.0,66.85582878112793,76.47565761826206
2023-12-26 00:00:00-05:00,86.21575581051249,87.37922683424009,85.94726716613378,86.57374572753906,11203900,0.0,0.0,67.01709732055664,79.05255001126996
2023-12-27 00:00:00-05:00,86.99140704811593,87.00134573329022,85.73844231894125,86.17598724365234,9186300,0.0,0.0,67.18146987915038,79.60610676873043
2023-12-28 00:00:00-05:00,86.26547194636146,86.26547194636146,85.36055096209883,85.51966094970703,9606200,0.0,0.0,67.34073137283325,76.85944924761031
2023-12-29 00:00:00-05:00,85.47486292041192,85.77358986377952,84.66831080903785,84.97698974609375,8546000,0.115,0.0,67.49797172546387,73.60835817021079
2024-01-02 00:00:00-05:00,83.64269636935686,83.7223579034509,81.40226700232051,81.98975372314453,13597100,0.0,0.0,67.62821140289307,60.40244802166885
2024-01-03 00:00:00-05:00,80.8545989393567,82.23868572999552,80.23724107693575,81.91009521484375,12915600,0.0,0.0,67.75760776519775,59.520965730422475
2024-01-04 00:00:00-05:00,83.11494651512189,83.90158701926346,82.25860407248378,82.3581771850586,19134200,0.0,0.0,67.88439895629882,57.240047564657296
2024-01-05 00:00:00-05:00,81.13341031678954,83.1746856346309,80.665408349219,83.09502410888672,15479400,0.0,0.0,68.00997932434082,53.55898464870374
2024-01-08 00:00:00-05:00,83.53316481243255,85.1462767138677,83.47342245950824,84.58865356445312,16219800,0.0,0.0,68.1453023338318,59.13738844266595
2024-01-09 00:00:00-05:00,82.77639395606967,83.83189028634037,82.54737654262084,82.97554779052734,12138700,0.0,0.0,68.25688579559326,54.38279265201435
2024-01-10 00:00:00-05:00,82.60711385185716,82.66685620007658,81.31264819314,82.02957916259766,10748600,0.0,0.0,68.36462940216065,50.73440265136456
2024-01-11 00:00:00-05:00,82.44779168542479,83.09502066367304,81.47195702787084,83.0352783203125,10579300,0.0,0.0,68.48417545318604,62.44078165634813
2024-01-12 00:00:00-05:00,82.39801245427596,82.69673940527368,81.36243531361033,82.03954315185547,10185700,0.0,0.0,68.6012644958496,39.00452365704462
2024-01-16 00:00:00-05:00,82.18889710119177,84.85749737827051,81.97979129850671,84.25009155273438,13713500,0.0,0.0,68.70834281921387,44.01626070343861
2024-01-17 00:00:00-05:00,83.33400269541143,83.61281041853192,82.2785065475315,82.92574310302734,10245400,0.0,0.0,68.81102443695069,38.18469447312225
2024-01-18 00:00:00-05:00,84.85750568930239,85.45495198362295,83.68252468513049,84.4592056274414,15077700,0.0,0.0,68.93497064590454,44.82064615444106
2024-01-19 00:00:00-05:00,85.6939272319087,87.41657173557708,85.25580401005666,87.13776397705078,17971200,0.0,0.0,69.07591913223267,54.35078010762482
2024-01-22 00:00:00-05:00,87.89452976258356,89.567383987576,87.63564117316164,88.86040496826172,14371200,0.0,0.0,69.23705091476441,59.818743472747286
2024-01-23 00:00:00-05:00,88.62142504505465,88.80065969172007,86.51044005065545,87.15767669677734,16850900,0.0,0.0,69.39090517044067,63.97414812510367
2024-01-24 00:00:00-05:00,88.03393563266388,88.19325109315557,86.24158922124802,87.70533752441406,19752800,0.0,0.0,69.53929805755615,65.28360609031162
2024-01-25 00:00:00-05:00,88.77078913978868,89.65700278870362,88.12355248912426,88.82057189941406,15892400,0.0,0.0,69.66993158340455,66.46372064509933
2024-01-26 00:00:00-05:00,86.86890874194874,88.1235512599115,85.92295275590152,87.67546844482422,14934500,0.0,0.0,69.7933532333374,61.4314351518992
2024-01-29 00:00:00-05:00,88.12354886679893,89.18899711984189,87.64558729300272,88.69112396240234,12108100,0.0,0.0,69.92982988357544,60.488791219766064
2024-01-30 00:00:00-05:00,87.70534163414634,88.41232064151563,85.39521037170654,85.79351043701172,12980400,0.0,0.0,70.04666580200195,56.760636183193704
2024-01-31 00:00:00-05:00,84.59860577853193,86.55026763894136,84.42933072871257,85.38524627685547,11396700,0.0,0.0,70.16329355239868,58.26386561189965
2024-02-01 00:00:00-05:00,85.70388436972846,85.82337666150936,84.26005526284767,85.24584197998047,10459000,0.0,0.0,70.27967021942139,55.686495860288005
2024-02-02 00:00:00-05:00,84.7081385226901,86.24158875597483,84.57869423693012,86.11214447021484,10449400,0.0,0.0,70.40340057373047,60.54666816297305
2024-02-05 00:00:00-05:00,86.37103128912953,86.8489928522104,85.24584071344057,86.61001586914062,8409300,0.0,0.0,70.53596200942994,56.70629331816258
2024-02-06 00:00:00-05:00,86.46066060796845,86.81912991505,83.36388873658963,84.24014282226562,12990300,0.0,0.0,70.65266099929809,53.52567972492163
2024-02-07 00:00:00-05:00,83.78209882573276,84.91724907790343,82.11920421384401,84.8077163696289,16374800,0.0,0.0,70.77383279800415,50.98591488498379
2024-02-08 00:00:00-05:00,85.1462688219501,85.66405355883393,84.170434098628,84.5189437866211,12524500,0.0,0.0,70.90158700942993,41.43319643245769
2024-02-09 00:00:00-05:00,84.69817939218649,85.25580249627973,83.60285996159209,85.19605255126953,12161500,0.0,0.0,71.03951440811157,37.13284067991316
2024-02-12 00:00:00-05:00,85.16618179648896,86.54031658436529,85.02677791901478,85.33545684814453,10366000,0.0,0.0,71.16386991500855,42.81223366605515
2024-02-13 00:00:00-05:00,82.11919328479551,83.19460104276277,80.42642012571204,81.18318939208984,21207900,0.0,0.0,71.26310411453247,29.9693848525079
2024-02-14 00:00:00-05:00,81.83042800681179,82.82617426749485,81.14336065591934,81.48191833496094,12870900,0.0,0.0,71.35164400100707,26.27172663538721
2024-02-15 00:00:00-05:00,81.89018179052566,82.35818381393163,81.16329117297596,81.28277587890625,11527600,0.0,0.0,71.44914667129517,27.983536715782904
2024-02-16 00:00:00-05:00,80.61563124368334,80.99401215773439,78.91290573503986,79.1618423461914,15544400,0.0,0.0,71.5382741355896,19.502903643569695
2024-02-20 00:00:00-05:00,78.99255678378564,80.42642630768202,78.81332214368092,80.36668395996094,12627200,0.0,0.0,71.63833074569702,30.521765466507702
2024-02-21 00:00:00-05:00,80.44634458061628,81.1533235427917,79.5999617440368,81.14336395263672,9943600,0.0,0.0,71.74425254821777,35.167107213478275
2024-02-22 00:00:00-05:00,84.63843811532028,85.94286337760566,83.5231994899606,85.54457092285156,17510900,0.0,0.0,71.86861320495605,50.80473481259575
2024-02-23 00:00:00-05:00,86.18184164212882,86.45068978905194,84.68822225558891,85.6341781616211,10232800,0.0,0.0,71.99520547866821,48.65619098527405
2024-02-26 00:00:00-05:00,89.29852553831779,91.95716624823608,88.52184466548243,89.07946014404297,28920100,0.0,0.0,72.13872690200806,55.955800389282196
2024-02-27 00:00:00-05:00,91.49912794426366,92.35547037979933,90.10508158895387,91.45929718017578,21422700,0.0,0.0,72.29880470275879,67.40277678155974
2024-02-28 00:00:00-05:00,90.07520938317668,90.40380748543097,88.92014762562711,89.32839965820312,14190700,0.0,0.0,72.44020175933838,60.13392061564079
2024-02-29 00:00:00-05:00,90.26440962370656,90.44364427351668,88.44219195012718,90.22457885742188,17027000,0.0,0.0,72.58949831008911,62.4511302681163
2024-03-01 00:00:00-05:00,91.52900561858074,95.65139503268401,91.52900561858074,94.74526977539062,23430400,0.0,0.0,72.74296770095825,67.84520219006805
2024-03-04 00:00:00-05:00,96.51768681915934,96.96576960450209,94.21751535303515,95.36261749267578,20913200,0.0,0.0,72.90403240203858,68.4095106186519
2024-03-05 00:00:00-05:00,93.84909559331604,94.96433426523916,92.88322039663274,94.06816101074219,12887500,0.0,0.0,73.05272903442383,76.42980930450778
2024-03-06 00:00:00-05:00,94.64569350858007,96.01982073526261,94.15777232778565,95.15351867675781,14232400,0.0,0.0,73.1937230682373,77.16666050148964
2024-03-07 00:00:00-05:00,98.50918486438239,99.26595420335242,97.05539613224366,98.55897521972656,24843300,0.0,0.0,73.34877170562744,80.44932271070624
2024-03-08 00:00:00-05:00,99.45513888524461,101.41676033495311,96.90603075812042,97.20475769042969,22353100,0.0,0.0,73.50666091918946,82.68400326491621
2024-03-11 00:00:00-04:00,95.4920809632523,96.04969651438479,93.13215926816589,94.10799407958984,15673300,0.0,0.0,73.65015628814697,73.295109594693
2024-03-12 00:00:00-04:00,94.92449391405364,97.08526150059589,93.24168028368881,97.00559997558594,14993700,0.0,0.0,73.80556331634521,75.08664088214064
2024-03-13 00:00:00-04:00,94.91453747118486,94.93444905462695,92.70397945898267,93.75947570800781,16732600,0.0,0.0,73.92947998046876,63.48482002189143
2024-03-14 00:00:00-04:00,92.90313260088202,93.05248846796253,89.91589370820981,91.04108428955078,16718900,0.0,0.0,74.01840141296387,58.17034394822216
2024-03-15 00:00:00-04:00,92.08662642618322,94.29717695700809,91.62857641671327,92.85334777832031,29539200,0.0,0.0,74.12748222351074,55.99875525928419
2024-03-18 00:00:00-04:00,96.4081658444544,96.66706203479347,93.29148235704125,93.38109588623047,23140300,0.0,0.0,74.25649280548096,53.24589775242965
2024-03-19 00:00:00-04:00,92.18620067061065,93.75948175698757,90.61291958423371,93.60015869140625,21054700,0.0,0.0,74.38218925476075,57.7130770811786
2024-03-20 00:00:00-04:00,94.58594130436381,96.26875502498663,93.19189492968431,95.84058380126953,39807400,0.0,0.0,74.51869152069092,59.670791516621364
2024-03-21 00:00:00-04:00,112.88776765008777,113.01721194208272,108.31728790395854,109.38273620605469,89554100,0.0,0.0,74.72984073638916,69.23078927785583
2024-03-22 00:00:00-04:00,108.8450225149047,110.86638623069253,106.59464141094153,109.74119567871094,37249900,0.0,0.0,74.94392177581787,69.02004572572277
2024-03-25 00:00:00-04:00,109.77106834669507,120.89356012538474,109.69141441755923,116.63175964355469,55766100,0.0,0.0,75.19483383178711,75.99816871713149
2024-03-26 00:00:00-04:00,118.49381633735896,121.93909781671135,117.66734503879876,118.29467010498047,44295100,0.0,0.0,75.46268115997314,76.31342112810633
2024-03-27 00:00:00-04:00,118.79253479881032,119.59908685836437,116.58197683135273,118.74274444580078,29320700,0.0,0.0,75.73222389221192,74.6054930098047
2024-03-28 00:00:00-04:00,119.04674597685766,119.23611523054281,116.9636233521233,117.50184631347656,21047800,0.115,0.0,75.98555412292481,74.81219108104892
2024-04-01 00:00:00-04:00,118.80752534755509,126.96059261669406,118.60818689867882,123.89073944091797,44309400,0.0,0.0,76.2687479019165,83.69578803081204
2024-04-02 00:00:00-04:00,122.30597124327365,123.27277869409588,120.52186398116527,122.34584045410156,25026400,0.0,0.0,76.53802410125732,79.57484615968193
2024-04-03 00:00:00-04:00,121.79765562032031,127.85763915291703,120.93052494666372,127.5885238647461,40130100,0.0,0.0,76.83500003814697,87.72411995308435
2024-04-04 00:00:00-04:00,129.75137187854097,130.11018717811285,123.2428808835788,123.68142700195312,36009900,0.0,0.0,77.11818767547608,85.45849089724946
2024-04-05 00:00:00-04:00,123.99041846312362,125.27617209151705,120.80094979914978,123.1731185913086,23290900,0.0,0.0,77.40259922027587,83.89791575149377
2024-04-08 00:00:00-04:00,128.63506456816893,129.27295674520573,122.2063043822334,122.54518127441406,27955800,0.0,0.0,77.68932098388672,82.532961517846
2024-04-09 00:00:00-04:00,124.4788032197813,125.7246876363491,120.87071921186191,122.22624206542969,19243800,0.0,0.0,77.97221858978271,81.86181566454621
2024-04-10 00:00:00-04:00,119.60489974463378,124.070152680981,119.53513052395374,121.79765319824219,22242300,0.0,0.0,78.25777904510498,80.10534164093622
2024-04-11 00:00:00-04:00,122.49534976223192,127.1400026249727,121.67804993981277,127.09017181396484,21745300,0.0,0.0,78.56895984649658,75.39736645079708
2024-04-12 00:00:00-04:00,124.83761486825316,125.57517629197044,121.42887702981062,122.1166000366211,24720100,0.0,0.0,78.84863376617432,65.67463887535482
2024-04-15 00:00:00-04:00,123.22294376322687,124.36915889304305,120.21289050122684,120.97039031982422,17732600,0.0,0.0,79.12118938446045,56.43112063780928
2024-04-16 00:00:00-04:00,119.13644174483447,122.14650253919224,117.97029583903982,121.36906433105469,17452400,0.0,0.0,79.40931364059448,54.7346020599438
2024-04-17 00:00:00-04:00,121.61824374549863,124.01034322586274,115.81740649785985,115.94698333740234,25546500,0.0,0.0,79.67637193679809,46.26647425392857
2024-04-18 00:00:00-04:00,115.61806922538914,117.23273810211019,111.11295470145312,111.56147003173828,32146900,0.0,0.0,79.91758859634399,42.68172672889726
2024-04-19 00:00:00-04:00,109.29894871848101,110.5149254877704,105.37191871289339,106.41845703125,33744300,0.0,0.0,80.14220645904541,27.793254837650537
2024-04-22 00:00:00-04:00,107.24572724536667,109.86707288027324,106.27891973776042,108.76072692871094,19820900,0.0,0.0,80.382647895813,33.076741768027844
2024-04-23 00:00:00-04:00,109.34877612456967,112.51830619793145,108.55141470746376,112.0897216796875,17887500,0.0,0.0,80.64204242706299,29.72619683720292
2024-04-24 00:00:00-04:00,112.34887191066267,113.57481789138863,108.87036482479587,111.4119644165039,20505900,0.0,0.0,80.88896446228027,32.469379955406666
2024-04-25 00:00:00-04:00,109.00990843335585,112.68775415407862,107.71418556532628,111.21263122558594,18342800,0.0,0.0,81.12933038711547,32.75861500103932
2024-04-26 00:00:00-04:00,111.63123794703111,114.68116040757319,111.23255343350822,114.46188354492188,20630700,0.0,0.0,81.3849994468689,39.166431145556956
2024-04-29 00:00:00-04:00,113.43528254346293,114.37219006318735,111.74088276942203,113.98347473144531,14419100,0.0,0.0,81.63460325241088,38.99972468664778
2024-04-30 00:00:00-04:00,113.80405804793558,115.89714219236275,112.55817372336293,112.58807373046875,14845600,0.0,0.0,81.87946374893188,38.01865611643894
2024-05-01 00:00:00-04:00,110.15610597159231,113.35554363430111,108.39193709984798,109.33880615234375,16686200,0.0,0.0,82.10271699905395,25.60938612824306
2024-05-02 00:00:00-04:00,111.37209031219442,112.03989009480559,109.06969849516298,111.96015167236328,15439200,0.0,0.0,82.34016901016236,35.080511215623204
2024-05-03 00:00:00-04:00,114.65126485509832,115.09978780184392,113.076465147838,114.32234954833984,15564400,0.0,0.0,82.58933275222779,40.571093684399145
2024-05-06 00:00:00-04:00,119.38562045641126,120.97038930009991,117.63141316654776,119.73446655273438,22538700,0.0,0.0,82.86689729690552,47.97029862425561
2024-05-07 00:00:00-04:00,119.75441240340143,121.01026603249032,118.78760487330861,118.8175048828125,12508300,0.0,0.0,83.13511182785034,54.01338702365397
2024-05-08 00:00:00-04:00,117.91050097223984,120.073354434697,117.83076254675369,118.92713928222656,10867900,0.0,0.0,83.40471830368043,61.69675402545283
2024-05-09 00:00:00-04:00,118.92714200861644,119.23611890911506,117.05333459238372,117.42211151123047,11524800,0.0,0.0,83.66580694198609,69.75665524868023
2024-05-10 00:00:00-04:00,119.64477430331894,121.44881252171164,118.78760520850497,120.8408203125,13922400,0.0,0.0,83.9355506324768,70.88217916321568
2024-05-13 00:00:00-04:00,122.5252548871421,123.70137005674793,121.24947048708319,122.59502410888672,16643200,0.0,0.0,84.19574895858764,69.20557503147344
2024-05-14 00:00:00-04:00,122.58504821038183,124.62830154232769,121.2693946691325,124.39905548095703,13887700,0.0,0.0,84.46432218551635,72.8036604943961
2024-05-15 00:00:00-04:00,125.81439097488398,127.52872148598514,125.02699113797179,127.3891830444336,14265100,0.0,0.0,84.74690290451049,75.8686707073152
2024-05-16 00:00:00-04:00,127.50878705802914,129.70154805660172,126.63168722116481,127.46891784667969,15874700,0.0,0.0,85.03300951004029,73.1465219488035
2024-05-17 00:00:00-04:00,127.93737117519885,128.60516335359924,124.44889503789751,124.87747955322266,13774700,0.0,0.0,85.31901510238647,68.03034362861331
2024-05-20 00:00:00-04:00,126.71142578437878,130.5886250791418,126.22304122297764,128.5752716064453,19123200,0.0,0.0,85.6184962272644,74.58616587156135
2024-05-21 00:00:00-04:00,123.79106999223997,128.39586904111374,122.87410090590333,127.08020782470703,15717800,0.0,0.0,85.906878490448,78.83994371413766
2024-05-22 00:00:00-04:00,127.36925781382848,127.44899624228282,124.8276505378407,125.86422729492188,11190100,0.0,0.0,86.1918116569519,73.6842337821867
2024-05-23 00:00:00-04:00,131.3361466993807,131.51554674267388,124.24955602687074,125.854248046875,20747400,0.0,0.0,86.48528226852417,71.35473399774911
2024-05-24 00:00:00-04:00,127.39915236348921,129.97065193459684,126.18316799663668,129.06365966796875,14028000,0.0,0.0,86.79951555252075,68.81030145806464
2024-05-28 00:00:00-04:00,131.32616216734144,132.86110008735636,128.8443704631253,132.23316955566406,14143000,0.0,0.0,87.13585077285767,74.79731113255878
2024-05-29 00:00:00-04:00,129.57198969712846,132.66178938101893,129.4723128524025,131.14678955078125,11242500,0.0,0.0,87.47206535339356,71.79947985712131
2024-05-30 00:00:00-04:00,129.87099049462122,131.23647490501884,125.28612990403802,125.87419128417969,12666200,0.0,0.0,87.7625085067749,63.2915401798087
2024-05-31 00:00:00-04:00,125.93398586012655,126.90079331155168,120.61157168180915,124.58843231201172,24153800,0.0,0.0,88.06116607666016,56.31719154424067
2024-06-03 00:00:00-04:00,127.70813948956813,128.41579331245254,124.73794773210487,127.74800109863281,16134300,0.0,0.0,88.3811312866211,58.293228763896835
2024-06-04 00:00:00-04:00,126.93069913517418,127.43902209149773,125.0070533479554,126.22303771972656,12995500,0.0,0.0,88.69674776077271,52.96213466287199
2024-06-05 00:00:00-04:00,128.37593758971343,133.42923704274526,127.22972236753692,133.269775390625,22301800,0.0,0.0,89.04744903564453,58.43823547636371
2024-06-06 00:00:00-04:00,133.39933054263182,133.68838423960406,128.75466985927213,129.64175415039062,15505000,0.0,0.0,89.37817361831665,52.82971475718532
2024-06-07 00:00:00-04:00,129.78128840904316,132.10360346727745,129.1932194339633,130.50888061523438,12139500,0.0,0.0,89.7159638786316,57.67871725757943
2024-06-10 00:00:00-04:00,129.28293790362338,135.22330615055998,129.28293790362338,134.37611389160156,14668200,0.0,0.0,90.0642547416687,57.873377800108265
2024-06-11 00:00:00-04:00,134.8744515060563,135.40270520682114,131.34609882366888,134.62527465820312,14125000,0.0,0.0,90.42123714447021,60.59925777640305
2024-06-12 00:00:00-04:00,138.05396014272333,141.24343653580715,136.37949872404985,140.28659057617188,16973600,0.0,0.0,90.80637718200684,68.01094928761032
2024-06-13 00:00:00-04:00,142.31986270882254,143.74516239710496,139.79819385348833,142.66871643066406,16312900,0.0,0.0,91.19553546905517,69.82374820823091
2024-06-14 00:00:00-04:00,141.33313077286428,142.02086140182112,139.1902004585807,140.8945770263672,14028500,0.0,0.0,91.56902263641358,64.43687777295318
2024-06-17 00:00:00-04:00,145.10066999338383,148.26023073254058,141.6719939887896,147.34326171875,23909000,0.0,0.0,91.96775428771973,67.0720787195997
2024-06-18 00:00:00-04:00,151.24040187147781,157.02129321787874,151.0111481957971,152.94476318359375,42192600,0.0,0.0,92.38531044006348,72.34821522714566
2024-06-20 00:00:00-04:00,156.49303787918475,156.89173000120442,142.43947136394053,143.7152557373047,41285000,0.0,0.0,92.75448528289795,66.9187087842044
2024-06-21 00:00:00-04:00,137.19678972381345,142.1305043188834,135.25321302106943,139.08056640625,51189700,0.0,0.0,93.10098308563232,62.92215074818707
2024-06-24 00:00:00-04:00,141.97102183709077,142.35973716224677,137.43599957123774,138.55230712890625,32410100,0.0,0.0,93.44424392700195,60.108163636472646
2024-06-25 00:00:00-04:00,139.60881908133348,140.6653265393636,137.29645050949134,140.6553497314453,32370000,0.0,0.0,93.80070045471192,63.35792219765471
2024-06-26 00:00:00-04:00,142.56903493174076,143.59565765453624,139.08055866159074,141.8912811279297,55490300,0.0,0.0,94.16179786682129,58.941478487842694
2024-06-27 00:00:00-04:00,135.34290831863808,136.93764644430445,130.64842438606317,131.7946319580078,68172700,0.0,0.0,94.47315658569336,51.96863819312415
2024-06-28 00:00:00-04:00,132.38270030644387,134.97413073722785,130.31950843682387,131.09693908691406,38140600,0.0,0.0,94.77963695526122,50.53940487010979
2024-07-01 00:00:00-04:00,130.07032918585568,131.64512886615867,126.85096060418694,131.08697509765625,24749000,0.0,0.0,95.08338706970216,46.753242058541865
2024-07-02 00:00:00-04:00,129.48227361105498,132.2730576233661,128.993881466122,132.1534423828125,20776000,0.0,0.0,95.3878035736084,47.59876269441849
2024-07-03 00:00:00-04:00,132.2232154075046,136.36952209472656,131.993961741352,136.36952209472656,14507100,0.0,0.0,95.72278133392334,46.08486829482851
2024-07-05 00:00:00-04:00,136.3695320723295,136.6785089744343,130.47898689761843,131.16671752929688,30104600,0.0,0.0,96.02866748809815,39.11731576769632
2024-07-08 00:00:00-04:00,130.97216508956373,132.9473828444717,129.77507310655463,130.37362670898438,20500700,0.115,0.0,96.32954582214356,39.85724553491441
2024-07-09 00:00:00-04:00,131.43106422549312,134.88269507658165,130.56317516194142,130.82254028320312,21850900,0.0,0.0,96.63778141021729,31.989678559522943
2024-07-10 00:00:00-04:00,132.77780076354716,136.16956403539538,132.37875994095558,136.05982971191406,22460200,0.0,0.0,96.98103900909423,31.445283614914317
2024-07-11 00:00:00-04:00,136.02989920347892,136.09972183154306,129.7551327846362,129.91473388671875,25401500,0.0,0.0,97.2887066268921,33.73192703145186
2024-07-12 00:00:00-04:00,131.43105429717997,134.10455913882436,130.40354898038453,133.22669982910156,20726900,0.0,0.0,97.61442321777344,42.8773374198457
2024-07-15 00:00:00-04:00,133.58584159596728,135.02235815764917,129.7152292183079,130.55319213867188,20416000,0.0,0.0,97.9299490737915,40.75000758731232
2024-07-16 00:00:00-04:00,130.1042810375085,130.652952657061,126.93197878929037,127.1813735961914,21312600,0.0,0.0,98.22727561950684,34.86317416330786
2024-07-17 00:00:00-04:00,122.28326205779977,122.73216966038694,118.94137320819138,119.2107162475586,31414100,0.0,0.0,98.4996898651123,27.86916366244907
2024-07-18 00:00:00-04:00,120.20829969016017,121.34553942690258,113.81381304094965,117.16567993164062,30404900,0.0,0.0,98.74783142089844,33.064572826595764
2024-07-19 00:00:00-04:00,116.40752392396661,116.92626177983844,113.57439492534557,113.98340606689453,18038900,0.0,0.0,98.98040908813476,31.26595931086679
2024-07-22 00:00:00-04:00,115.08073895002339,115.30020759525978,113.36490148100299,115.00093078613281,23837800,0.0,0.0,99.21871967315674,32.77080760649359
2024-07-23 00:00:00-04:00,114.85129379970735,116.05836375248649,113.55444536963681,113.97342681884766,14707700,0.0,0.0,99.45050289154052,30.51176340214913
2024-07-24 00:00:00-04:00,111.20016038000904,113.76393875187065,109.73371766258815,110.0130386352539,25261000,0.0,0.0,99.65781814575195,21.591190745098274
2024-07-25 00:00:00-04:00,106.54145998966125,110.43201272195702,104.78571849321163,107.18988037109375,29068400,0.0,0.0,99.84592124938965,22.758686089324215
2024-07-26 00:00:00-04:00,109.7337173343241,110.36218952094198,107.51909018491962,109.14514923095703,18547900,0.0,0.0,100.04618728637695,26.50178403280087
2024-07-29 00:00:00-04:00,110.27241121133143,110.76122291278563,106.88064023905339,107.58892059326172,13517700,0.0,0.0,100.24071075439453,24.897617147398833
2024-07-30 00:00:00-04:00,108.73613437851677,108.98552918213721,101.92266651698394,102.31172180175781,23915100,0.0,0.0,100.40318004608154,13.56882883452721
2024-07-31 00:00:00-04:00,109.58407960227451,111.07047056065952,107.48916468967253,109.55415344238281,26503600,0.0,0.0,100.60414863586426,28.529372105888328
2024-08-01 00:00:00-04:00,106.92054727436643,107.59890148755092,99.7080457487295,101.26427459716797,31643700,0.0,0.0,100.7663528060913,19.497355487409138
2024-08-02 00:00:00-04:00,96.92480372606514,97.4535195115961,90.84954212693175,92.47559356689453,36039400,0.0,0.0,100.88525989532471,17.45952119812742
2024-08-05 00:00:00-04:00,87.41787130924001,92.02669041465532,84.70446200672292,90.20111846923828,36977600,0.0,0.0,100.99319240570068,17.793241032216088
2024-08-06 00:00:00-04:00,88.9840663340861,90.64005154751247,86.93903343174202,88.78455352783203,26460000,0.0,0.0,101.09334594726562,20.08632621239093
2024-08-07 00:00:00-04:00,93.15393936632478,93.35345976519132,86.37040563428744,86.58987426757812,29483800,0.0,0.0,101.19053115844727,20.02739663737539
2024-08-08 00:00:00-04:00,88.26581630111123,92.62523279767716,87.8169010674159,91.84712219238281,24760700,0.0,0.0,101.3155439376831,29.148671002634146
2024-08-09 00:00:00-04:00,91.56780471410688,94.30116986068329,91.22862379496691,92.85468292236328,21627200,0.0,0.0,101.44728507995606,29.135368853808217
2024-08-12 00:00:00-04:00,92.8746309020646,96.29632819055296,92.4057674153648,94.41090393066406,18886600,0.0,0.0,101.58089054107666,31.751372188314576
2024-08-13 00:00:00-04:00,96.38610977100267,97.54329774207355,94.68025016865313,97.2041244506836,23565500,0.0,0.0,101.73626823425293,37.785403044085726
2024-08-14 00:00:00-04:00,100.75549922725884,101.70319642314512,97.83259186603105,100.16693115234375,22459000,0.0,0.0,101.91625495910644,43.32069615361284
2024-08-15 00:00:00-04:00,103.2594261385066,107.78843666435567,102.50126380799179,106.69109344482422,29128000,0.0,0.0,102.123293800354,47.852644829545696
2024-08-16 00:00:00-04:00,106.57139628271787,109.20500497239377,105.09497559987489,107.72858428955078,18383300,0.0,0.0,102.33343181610107,50.12332853654988
2024-08-19 00:00:00-04:00,106.99037070725396,108.45681336966088,104.50640059531948,108.36702728271484,15744600,0.0,0.0,102.54278438568116,55.82421643444337
2024-08-20 00:00:00-04:00,108.06776520234854,108.92568399181086,105.90301999190505,107.72858428955078,16075500,0.0,0.0,102.73636539459228,47.98856966280102
2024-08-21 00:00:00-04:00,107.89817763273456,108.13759452677773,105.9528934872219,108.06776428222656,13658900,0.0,0.0,102.92647129058838,59.088484375092364
2024-08-22 00:00:00-04:00,108.68625561580828,110.73129611087488,103.7083373180993,104.00761413574219,17967000,0.0,0.0,103.08563621520996,67.63271093168001
2024-08-23 00:00:00-04:00,102.7905632994682,104.15724956491606,100.06716869178865,102.60102081298828,25465100,0.0,0.0,103.23607772827148,69.47663494059991
2024-08-26 00:00:00-04:00,100.42629666372821,101.94262131628379,97.37370673426483,98.67056274414062,26752300,0.0,0.0,103.36746353149414,64.39151599829849
2024-08-27 00:00:00-04:00,96.85496761061711,98.25158010993077,96.43598614410075,97.62310791015625,17234600,0.0,0.0,103.49619758605957,66.61659982406132
2024-08-28 00:00:00-04:00,97.12431146286595,97.44353650223827,92.47558874039828,94.63036346435547,25564300,0.0,0.0,103.60355392456054,54.4985415701224
2024-08-29 00:00:00-04:00,96.32625494213299,97.74282333493134,94.76005574281197,95.33865356445312,18984300,0.0,0.0,103.70555171966552,54.05405136176848
2024-08-30 00:00:00-04:00,96.6853808794014,98.17177946937915,94.76005258669954,96.00702667236328,18819400,0.0,0.0,103.81377517700196,52.682756683905666
2024-09-03 00:00:00-04:00,93.4033406160598,93.65273542369621,88.09621941399374,88.36557006835938,28897200,0.0,0.0,103.87190807342529,37.226062961165255
2024-09-04 00:00:00-04:00,88.14610352802957,90.51036910090079,87.59743189373697,89.0738525390625,16356500,0.0,0.0,103.9337315750122,32.850098181958856
2024-09-05 00:00:00-04:00,87.88673627022865,90.48044097120206,87.5475629558294,89.17361450195312,13890700,0.0,0.0,103.99839073181153,16.204814293986274
2024-09-06 00:00:00-04:00,89.153658173925,89.43297913947688,85.05360694589793,86.17089080810547,23587100,0.0,0.0,104.04361110687256,11.341691393522012
2024-09-09 00:00:00-04:00,87.63734201309433,87.7470763475106,84.80422038870438,86.06116485595703,20526400,0.0,0.0,104.08301246643066,9.226881127806465
2024-09-10 00:00:00-04:00,86.75946749744882,86.97893614743256,84.66455262102095,86.63975524902344,17019000,0.0,0.0,104.13480346679688,11.366976095549589
2024-09-11 00:00:00-04:00,87.9864836106702,90.61012181389326,85.8716205484574,90.43055725097656,20879600,0.0,0.0,104.20360935211181,21.317330469380835
2024-09-12 00:00:00-04:00,86.88915178123074,87.81690079487761,83.91636985684882,86.99888610839844,30982500,0.0,0.0,104.25640045166016,21.762179777205034
2024-09-13 00:00:00-04:00,87.87675561970654,91.24857847619778,87.65729457004123,90.99918365478516,21267200,0.0,0.0,104.3260108947754,32.265954012736714
2024-09-16 00:00:00-04:00,87.02880831086732,88.02638752271884,85.71200405566033,86.96895599365234,26494300,0.0,0.0,104.38238143920898,32.167839973026545
2024-09-17 00:00:00-04:00,87.84682910966283,89.35317595606607,87.32809123199416,88.51521301269531,17744800,0.0,0.0,104.4436491394043,36.328260997035215
2024-09-18 00:00:00-04:00,87.77699225865003,88.9840621853384,86.5000920919359,87.13854217529297,20130600,0.0,0.0,104.5008676147461,38.18068588920488
2024-09-19 00:00:00-04:00,89.1336995736097,90.17118284998315,87.36798774682022,89.03394317626953,25208900,0.0,0.0,104.56850772857666,40.41261541752878
2024-09-20 00:00:00-04:00,88.1860064263162,90.74978477124137,88.11617618388344,90.6799545288086,28711000,0.0,0.0,104.65253211975097,42.13318701524622
2024-09-23 00:00:00-04:00,92.45563811554356,94.57050870355111,92.35588172036658,93.3434829711914,23394100,0.0,0.0,104.75285739898682,58.61828474121172
2024-09-24 00:00:00-04:00,94.50068185034213,94.77002488805893,92.53544959017853,93.77244567871094,23043200,0.0,0.0,104.85811183929444,58.214142237582635
2024-09-25 00:00:00-04:00,93.93206662741778,95.94717338064773,93.70262004917056,95.53816223144531,54762900,0.0,0.0,104.96960941314697,60.51414861528642
2024-09-26 00:00:00-04:00,112.82621246845002,114.52210177226523,107.2696963102183,109.61400604248047,107965900,0.0,0.0,105.14497276306152,78.3542352668037
2024-09-27 00:00:00-04:00,110.2325067209643,110.70137018449388,106.770905518404,107.2397689819336,42960200,0.0,0.0,105.29439392089844,74.28504090429675
2024-09-30 00:00:00-04:00,105.8232118618472,106.49158815290598,102.0124593162224,103.45894622802734,39544700,0.0,0.0,105.42307132720947,67.96674498758355
2024-10-01 00:00:00-04:00,103.14969293899053,103.9477517489676,98.70049052813377,100.06716918945312,34309800,0.0,0.0,105.5266854095459,60.382618679753804
2024-10-02 00:00:00-04:00,100.34649817723715,101.8728009000764,99.08955373855925,99.60829162597656,26334900,0.0,0.0,105.6160721206665,64.51538222651283
2024-10-03 00:00:00-04:00,99.22920717850668,102.28179718535415,99.15937693687702,101.57351684570312,22176700,0.0,0.0,105.71916320800781,62.77106983863659
2024-10-04 00:00:00-04:00,103.3990920423957,103.98766015381051,101.15453870259373,102.00247955322266,21911200,0.0,0.0,105.82365325927735,69.88651066205546
2024-10-07 00:00:00-04:00,102.02744715268926,104.45428682009668,100.67919273369168,102.77647399902344,21749300,0.115,0.0,105.92898029327392,69.25842496593913
2024-10-08 00:00:00-04:00,102.04741840653378,102.80643441508866,101.12861396535929,102.40695190429688,18858300,0.0,0.0,106.04976257324219,71.19500739981027
2024-10-09 00:00:00-04:00,102.11732835099598,102.15727736444582,100.18983226413869,101.56803894042969,18442700,0.0,0.0,106.13258987426758,67.92511048880425
2024-10-10 00:00:00-04:00,101.23846980791389,106.44170864308722,100.71914026849254,105.55286407470703,27605600,0.0,0.0,106.23031955718994,69.93623014580876
2024-10-11 00:00:00-04:00,104.90370737587726,107.51032140760569,104.85376920504916,106.78126525878906,19133900,0.0,0.0,106.33135715484619,68.73327364440074
2024-10-14 00:00:00-04:00,107.67011363996806,108.5689474101373,106.66142960519043,108.19942474365234,15021900,0.0,0.0,106.4414743423462,69.57247352606612
2024-10-15 00:00:00-04:00,107.72004655413636,109.34792879989676,102.57672742765465,104.18463897705078,23419100,0.0,0.0,106.53479923248291,61.055646441263605
2024-10-16 00:00:00-04:00,105.88243570288286,109.48775233762842,105.47297163999934,109.09825897216797,20450900,0.0,0.0,106.65540557861328,49.13876002847697
2024-10-17 00:00:00-04:00,111.19553183488422,113.99190186111129,110.86596580324299,111.90461730957031,26584800,0.0,0.0,106.8049798965454,57.678953625440286
2024-10-18 00:00:00-04:00,111.60500305004176,112.75351243530591,109.71745595701007,111.00578308105469,16700400,0.0,0.0,106.95045833587646,63.72538653767971
2024-10-21 00:00:00-04:00,110.95584460097989,110.99579361473423,107.5502730879974,108.93846893310547,14829400,0.0,0.0,107.0833597946167,66.9507983550373
2024-10-22 00:00:00-04:00,108.09955269398735,108.37918816510911,106.23198396064046,107.68009948730469,13758100,0.0,0.0,107.2062851715088,64.9659259628094
2024-10-23 00:00:00-04:00,106.42173151501376,106.96103175681898,103.40565344361616,104.9136962890625,15174700,0.0,0.0,107.30791038513183,56.0143397694515
2024-10-24 00:00:00-04:00,106.64144824876175,107.39047509930408,105.41304848078958,106.71135711669922,13206300,0.0,0.0,107.4265894317627,58.080535921610156
2024-10-25 00:00:00-04:00,108.1994237683032,109.73742651239637,107.5802331029313,107.76998901367188,12265000,0.0,0.0,107.55529148101806,58.48608044759144
2024-10-28 00:00:00-04:00,106.64144647123021,108.03963142616958,106.18204425822779,106.251953125,12381000,0.0,0.0,107.6713748550415,56.28878298300537
2024-10-29 00:00:00-04:00,106.45169379758545,108.6088948140076,105.46298047480626,108.03963470458984,15164600,0.0,0.0,107.80137531280518,60.266155508150156
2024-10-30 00:00:00-04:00,106.12212558714648,106.66142583016077,103.50552239759465,103.94495391845703,14321800,0.0,0.0,107.89984962463379,47.45816596987506
2024-10-31 00:00:00-04:00,102.06738516894117,102.35700978761378,98.9414493100181,99.52069854736328,19830300,0.0,0.0,107.98282440185547,39.575577465930415
2024-11-01 00:00:00-04:00,99.87024751199355,100.47945663137634,99.24106769568627,99.60060119628906,13623400,0.0,0.0,108.0585313796997,37.1607740638443
2024-11-04 00:00:00-05:00,101.36830227790628,103.65533188403296,100.86895103515798,101.59800720214844,15765800,0.0,0.0,108.1308325958252,45.890210862542354
2024-11-05 00:00:00-05:00,101.86764949335655,105.48295509094288,101.65792289403315,105.35311889648438,12071900,0.0,0.0,108.2132961654663,43.822071511400935
2024-11-06 00:00:00-05:00,108.23937030400893,112.17426045036036,106.86116364672363,111.68489837646484,20304500,0.0,0.0,108.33593227386474,49.67531845263127
2024-11-07 00:00:00-05:00,112.41394472687755,113.7122609526664,111.22549399905019,113.26284790039062,13569800,0.0,0.0,108.46371982574463,53.26966954275158
2024-11-08 00:00:00-05:00,111.99449297489693,114.1516939404624,110.42653042139605,111.75480651855469,13045700,0.0,0.0,108.57839099884033,54.14705070181584
2024-11-11 00:00:00-05:00,110.80603669751989,111.36531526550378,106.63146004181236,108.50902557373047,14479700,0.0,0.0,108.68255878448487,51.15310168635643
2024-11-12 00:00:00-05:00,104.86376143813722,104.9536410048693,101.93756283798844,103.96492767333984,21859700,0.0,0.0,108.75892780303955,48.74238724444896
2024-11-13 00:00:00-05:00,102.66661994116545,103.20591258544938,99.69048314167858,99.79035186767578,18416200,0.0,0.0,108.82891201019287,41.36987234470052
2024-11-14 00:00:00-05:00,101.15857042286962,102.15727285656031,98.43210942631627,99.05130767822266,18459700,0.0,0.0,108.89724231719971,39.04091946280534
2024-11-15 00:00:00-05:00,97.42342535721275,98.07257584286872,95.51590005340742,96.2149887084961,18518300,0.0,0.0,108.95208805084229,37.788578619939
2024-11-18 00:00:00-05:00,96.42472283714497,97.94274718088839,95.40604208980182,97.38347625732422,14251200,0.0,0.0,109.00844470977783,36.83691398555978
2024-11-19 00:00:00-05:00,96.87413903889929,98.05260825157498,96.38477696484183,97.60319519042969,14160300,0.0,0.0,109.06341060638428,41.336979909991726
2024-11-20 00:00:00-05:00,97.85286962923561,98.4021514063053,96.4047465016991,98.24236297607422,10490600,0.0,0.0,109.13342170715332,48.05234991072757
2024-11-21 00:00:00-05:00,99.97011853511958,103.1559819422719,97.93276452467227,102.62667083740234,18915200,0.0,0.0,109.22251647949219,54.07586730343284
2024-11-22 00:00:00-05:00,102.2271852068645,103.57543201440706,101.51810736911241,102.50682067871094,12063700,0.0,0.0,109.31245586395264,51.28930809441302
2024-11-25 00:00:00-05:00,103.71524921759004,106.26194354502985,103.67530020474645,104.34443664550781,22837900,0.0,0.0,109.40819778442383,48.48667712711088
2024-11-26 00:00:00-05:00,103.86505774881905,104.58412475235319,100.17984316545422,101.66791534423828,19275700,0.0,0.0,109.4898600769043,33.120182047260286
2024-11-27 00:00:00-05:00,100.8090286539887,100.90889737599393,96.5146050323079,98.07257843017578,17046400,0.0,0.0,109.57430702209473,26.032165946835974
2024-11-29 00:00:00-05:00,97.1138286358943,98.07258211829054,95.97530839933029,97.82290649414062,13729400,0.0,0.0,109.65601196289063,27.108654545746276
2024-12-02 00:00:00-05:00,97.47336245294225,99.9601295438927,97.40345358273868,98.42213439941406,16525600,0.0,0.0,109.74170875549316,31.847624884772117
2024-12-03 00:00:00-05:00,100.9887947585631,103.54547059919925,99.50072261802548,99.71044921875,23479700,0.0,0.0,109.84445178985595,41.327359169879514
2024-12-04 00:00:00-05:00,100.6392461005379,103.27582767191274,99.67051109008212,103.06609344482422,16306200,0.0,0.0,109.95794883728027,56.908157249801775
2024-12-05 00:00:00-05:00,103.74520941987154,104.11473207529131,100.47945570879278,100.73912048339844,13448900,0.0,0.0,110.05592761993408,53.33597325973709
2024-12-06 00:00:00-05:00,100.74910217673094,102.05740759039121,99.90020660326888,101.03872680664062,12381000,0.0,0.0,110.13339839935303,60.596757168423636
2024-12-09 00:00:00-05:00,100.51940200871651,104.36440487494716,100.23976654491719,102.68658447265625,14141900,0.0,0.0,110.2186604309082,61.409532026148945
2024-12-10 00:00:00-05:00,104.82380913068802,104.86375814336776,97.14378478652104,97.97270965576172,23548500,0.0,0.0,110.26312667846679,50.66617663604801
2024-12-11 00:00:00-05:00,99.37089820985067,102.52680175005395,98.17245826416317,101.92757415771484,15248400,0.0,0.0,110.31546806335449,55.93438109835955
2024-12-12 00:00:00-05:00,101.26842931952969,101.84767856557994,97.63315303386152,98.1125259399414,19334900,0.0,0.0,110.35938869476318,42.595005716963264
2024-12-13 00:00:00-05:00,100.63924574827003,103.06609308406165,99.54067454208142,102.36700439453125,23926000,0.0,0.0,110.42010082244873,49.79804111118605
2024-12-16 00:00:00-05:00,105.4729666990651,110.98580088851996,104.40435537884944,108.1195297241211,42741200,0.0,0.0,110.48697212219238,54.89890790398869
2024-12-17 00:00:00-05:00,109.60759288805535,110.34663056085792,107.54027914018572,108.4590835571289,35811500,0.0,0.0,110.55245445251465,59.38188649558611
2024-12-18 00:00:00-05:00,110.10694940536617,111.89462777490384,102.59671004113365,103.76519012451172,63024300,0.0,0.0,110.6009395980835,57.632579058879564
2024-12-19 00:00:00-05:00,89.96312334709405,90.88192782166716,84.5002194336394,86.97699737548828,91396800,0.0,0.0,110.56005699157714,39.92578674595673
2024-12-20 00:00:00-05:00,85.29917941863982,90.13289559133266,83.43160310492034,90.00306701660156,49578400,0.0,0.0,110.51727745056152,42.51730202351491
2024-12-23 00:00:00-05:00,89.88321975411105,90.98179091609565,88.28529737127029,89.60358428955078,26041500,0.0,0.0,110.47927158355714,40.873019536590064
2024-12-24 00:00:00-05:00,89.46376783733298,89.58360725557638,88.11552104562936,89.16415405273438,13021300,0.0,0.0,110.45455238342285,36.74790388145751
2024-12-26 00:00:00-05:00,88.38516614488867,90.51239960400171,87.98568364406364,89.70345306396484,14468200,0.0,0.0,110.41804164886474,39.109003554619235
2024-12-27 00:00:00-05:00,88.88452205582018,89.37388414491599,87.46636634158598,88.51499938964844,19422600,0.0,0.0,110.39181926727295,37.853547304946844
2024-12-30 00:00:00-05:00,86.98999786376953,87.05000305175781,84.58000183105469,85.30999755859375,22022900,0.115,0.0,110.36316383361816,33.640998118730295
2024-12-31 00:00:00-05:00,85.44000244140625,86.4000015258789,84.08999633789062,84.16000366210938,18691500,0.0,0.0,110.31969711303711,36.06080628801605
2025-01-02 00:00:00-05:00,84.9800033569336,87.6500015258789,84.73999786376953,87.33000183105469,18860000,0.0,0.0,110.28944164276123,35.03163775138442
2025-01-03 00:00:00-05:00,87.94999694824219,90.19999694824219,87.51000213623047,89.87000274658203,17484600,0.0,0.0,110.2707908630371,41.32117014190248
2025-01-06 00:00:00-05:00,95.56999969482422,101.5199966430664,95.4800033569336,99.26000213623047,42903300,0.0,0.0,110.28788795471192,47.04780465625683
2025-01-07 00:00:00-05:00,103.41000366210938,106.73999786376953,101.16000366210938,101.91000366210938,53570000,0.0,0.0,110.25052429199219,43.73020503641957
2025-01-08 00:00:00-05:00,102.81999969482422,103.4800033569336,98.30000305175781,99.41000366210938,33516900,0.0,0.0,110.19886833190918,41.245054273265865
2025-01-10 00:00:00-05:00,98.12000274658203,100.77999877929688,96.87000274658203,99.33999633789062,20512600,0.0,0.0,110.11240951538086,45.29794259300243
2025-01-13 00:00:00-05:00,95.83999633789062,96.0,92.87999725341797,95.05999755859375,22699100,0.0,0.0,109.99623615264892,61.69830625180947
2025-01-14 00:00:00-05:00,97.05000305175781,97.41000366210938,95.37999725341797,97.36000061035156,18613400,0.0,0.0,109.88932243347168,60.87606478033076
2025-01-15 00:00:00-05:00,99.44000244140625,103.93000030517578,99.3499984741211,103.19000244140625,27568100,0.0,0.0,109.81776321411132,67.30657356668195
2025-01-16 00:00:00-05:00,104.31999969482422,104.80000305175781,101.87000274658203,102.5999984741211,16243800,0.0,0.0,109.71130950927734,67.04936820845143
2025-01-17 00:00:00-05:00,104.63999938964844,105.87999725341797,102.5,105.75,18908900,0.0,0.0,109.62833030700683,69.09690928779003
2025-01-21 00:00:00-05:00,105.43000030517578,110.23999786376953,105.2300033569336,109.37999725341797,23533600,0.0,0.0,109.53728767395019,73.4675440597226
2025-01-22 00:00:00-05:00,109.16999816894531,110.66999816894531,107.76000213623047,109.2300033569336,20004300,0.0,0.0,109.4650305557251,78.88889482695741
2025-01-23 00:00:00-05:00,104.79000091552734,106.18000030517578,103.3499984741211,104.83999633789062,22677600,0.0,0.0,109.373364944458,73.16306663275826
2025-01-24 00:00:00-05:00,105.5,105.72000122070312,102.72000122070312,103.19000244140625,19743800,0.0,0.0,109.27658905029297,68.39053431581227
2025-01-27 00:00:00-05:00,94.86000061035156,96.0999984741211,88.36000061035156,91.11000061035156,50696200,0.0,0.0,109.12100784301758,51.17736194254253
2025-01-28 00:00:00-05:00,92.61000061035156,93.44999694824219,88.04000091552734,88.25,34793600,0.0,0.0,108.95326957702636,38.06633519412446
2025-01-29 00:00:00-05:00,89.87999725341797,90.44999694824219,87.76000213623047,89.01000213623047,25342800,0.0,0.0,108.7628687286377,35.42043659645637
2025-01-30 00:00:00-05:00,90.66000366210938,93.16000366210938,90.30000305175781,92.5,22497100,0.0,0.0,108.61478572845459,42.361262454481725
2025-01-31 00:00:00-05:00,91.6500015258789,94.2699966430664,91.13999938964844,91.23999786376953,20540200,0.0,0.0,108.46613376617432,41.275315098721094
2025-02-03 00:00:00-05:00,88.6500015258789,91.4000015258789,88.0199966430664,89.91999816894531,18607900,0.0,0.0,108.30888843536377,44.08651795259805
2025-02-04 00:00:00-05:00,89.05000305175781,91.44999694824219,88.80000305175781,90.66000366210938,12827500,0.0,0.0,108.18245353698731,42.00477865838493
2025-02-05 00:00:00-05:00,90.38999938964844,93.6500015258789,90.22000122070312,93.5999984741211,15660000,0.0,0.0,108.09264617919922,37.70827551637269
2025-02-06 00:00:00-05:00,94.87999725341797,96.61000061035156,93.58000183105469,94.54000091552734,16141100,0.0,0.0,108.0332538986206,39.76118212194082
2025-02-07 00:00:00-05:00,95.58999633789062,95.93000030517578,91.58999633789062,92.30000305175781,15602800,0.0,0.0,107.95095027923584,32.509755506161255
2025-02-10 00:00:00-05:00,93.19000244140625,96.26000213623047,93.16999816894531,95.93000030517578,16217900,0.0,0.0,107.87015167236328,32.509755506161255
2025-02-11 00:00:00-05:00,94.25,95.83999633789062,93.55999755859375,94.08000183105469,12124000,0.0,0.0,107.78349185943604,31.133249128130316
2025-02-12 00:00:00-05:00,89.5999984741211,92.63999938964844,87.3499984741211,91.68000030517578,22874700,0.0,0.0,107.68582870483398,32.756816822736724
2025-02-13 00:00:00-05:00,92.05999755859375,96.06999969482422,92.0199966430664,95.66000366210938,16579900,0.0,0.0,107.59181930541992,40.701410523927734
2025-02-14 00:00:00-05:00,98.41000366210938,100.69999694824219,98.0,99.5199966430664,21284500,0.0,0.0,107.51950191497802,63.03067385741707
2025-02-18 00:00:00-05:00,102.63999938964844,107.87999725341797,102.05000305175781,106.79000091552734,29641900,0.0,0.0,107.49051155090332,75.2726291729491
2025-02-19 00:00:00-05:00,105.76000213623047,107.19000244140625,103.62000274658203,104.36000061035156,17875900,0.0,0.0,107.46561752319336,70.01303661651956
2025-02-20 00:00:00-05:00,103.9800033569336,104.8499984741211,102.33999633789062,103.18000030517578,14488000,0.0,0.0,107.42171676635742,64.81687019127467
2025-02-21 00:00:00-05:00,103.63999938964844,103.66000366210938,97.75,98.83999633789062,18650800,0.0,0.0,107.34430500030517,59.713698799248064
2025-02-24 00:00:00-05:00,100.22000122070312,100.69999694824219,95.27999877929688,95.41000366210938,14883700,0.0,0.0,107.22268268585205,56.657780817446316
2025-02-25 00:00:00-05:00,95.5,95.93000030517578,92.76000213623047,93.22000122070312,18608200,0.0,0.0,107.0946951675415,52.99906044741008
2025-02-26 00:00:00-05:00,96.0,99.72000122070312,95.5,97.70999908447266,21335200,0.0,0.0,106.98860946655273,54.64616889821734
2025-02-27 00:00:00-05:00,97.83999633789062,99.88999938964844,91.48999786376953,91.81999969482422,22386300,0.0,0.0,106.8605989074707,47.23464657809659
2025-02-28 00:00:00-05:00,91.0,94.45999908447266,89.87000274658203,93.62999725341797,23359100,0.0,0.0,106.7245447921753,51.36409683056904
2025-03-03 00:00:00-05:00,95.80999755859375,96.19999694824219,89.38999938964844,90.54000091552734,20281800,0.0,0.0,106.5642696762085,44.4098731124327
2025-03-04 00:00:00-05:00,90.19999694824219,93.58999633789062,86.80000305175781,91.19999694824219,23611500,0.0,0.0,106.39827438354492,46.93746750772837
2025-03-05 00:00:00-05:00,92.1500015258789,95.05000305175781,90.43000030517578,94.33999633789062,14010300,0.0,0.0,106.23302845001221,52.784753730712644
2025-03-06 00:00:00-05:00,90.93000030517578,93.29000091552734,89.02999877929688,89.2699966430664,18708100,0.0,0.0,106.04203384399415,43.45956068103888
2025-03-07 00:00:00-05:00,90.29000091552734,93.33999633789062,89.48999786376953,92.95999908447266,19133900,0.0,0.0,105.88244644165039,43.26212146098226
2025-03-10 00:00:00-04:00,89.58999633789062,91.37000274658203,85.76000213623047,87.08000183105469,21897900,0.0,0.0,105.67497009277344,29.160493695704687
2025-03-11 00:00:00-04:00,87.9000015258789,91.0999984741211,86.06999969482422,89.05000305175781,21962100,0.0,0.0,105.48481906890869,33.65363874814682
2025-03-12 00:00:00-04:00,92.47000122070312,96.98999786376953,92.23999786376953,95.63999938964844,23584700,0.0,0.0,105.33369792938232,42.78330453080158
2025-03-13 00:00:00-04:00,94.25,98.12000274658203,94.0,94.87999725341797,18824700,0.0,0.0,105.17882667541504,45.930948778143986
2025-03-14 00:00:00-04:00,98.75,102.77999877929688,98.75,100.79000091552734,24623600,0.0,0.0,105.03745838165283,55.26006855714759
2025-03-17 00:00:00-04:00,101.05999755859375,104.44999694824219,100.95999908447266,103.11000061035156,17095100,0.0,0.0,104.89184253692628,59.64501805043407
2025-03-18 00:00:00-04:00,101.9000015258789,103.30999755859375,100.29000091552734,101.72000122070312,18434100,0.0,0.0,104.74470859527588,54.162344741315636
2025-03-19 00:00:00-04:00,100.81999969482422,103.5999984741211,100.48999786376953,102.05999755859375,16633100,0.0,0.0,104.62563762664794,62.01314039182019
2025-03-20 00:00:00-04:00,101.58000183105469,104.69000244140625,101.3499984741211,103.0,29204400,0.0,0.0,104.5176954650879,61.2215622261755
2025-03-21 00:00:00-04:00,98.2249984741211,98.23500061035156,93.69999694824219,94.72000122070312,62583295,0.0,0.0,104.35255546569825,54.45249336084944
